Id,NAME,ADDRESS,CITY,STATE,ZIP,LAT,LON,PHONE,REVENUE,UTILIZATION
74ab949d-17ac-3309-83a0-13b4405c66aa,Fitchburg Outpatient Clinic,881 Main Street,Fitchburg,MA,01420,42.586487,-71.80521,978-342-9781 Or 978-342-9781,0.0,154
324b4137-57a0-3ae0-89db-1c33f57ae0c1,LOWN ACQUISITION LLC,134 NORTH ST,NORTH READING,MA,018641315,42.5892341,-71.10546522083789,7818262393,0.0,1
faffaf6a-ee1a-3673-b0b0-421a9c249244,ACTIVATED BY WELLNESS LLC,66 WASHINGTON ST,STOUGHTON,MA,020722571,42.14415820061801,-71.10378319512402,6178719807,0.0,47
17a4bae5-8b64-34d7-8144-b428be027bd0,NURSE ON CALL,512 MAIN STREET  SUITE 211,SHREWSBURY,MA,015456406,42.295109499999995,-71.71808471110307,5088451232,0.0,9
e09d4c49-c2ef-3b0f-9a46-3719d9219306,UMASS MEMORIAL HEALTHALLIANCE CLINTON HOSPITAL INC,60 HOSPITAL RD,LEOMINSTER,MA,014533290,42.54031915,-71.76312990486304,9784662000,0.0,304
aa682136-a4df-3942-9f50-e6fcee6c0b73,SOUTHWOOD AT NORWELL NURSING CTR,501 CORDWAINER DRIVE,NORWELL,MA,020611630,42.1647071,-70.88149077838713,7819827450,0.0,3
d2284f74-b6da-3a15-9791-84cdf2db18fb,EAST FALMOUTH FAMILY PRACTICE PC,331 E FALMOUTH HWY,E FALMOUTH,MA,025366039,41.57853245,-70.5617374807812,5084950704,0.0,77
a58ec72a-cf43-3de5-88c1-de2fbec976a5,EASTPOINTE REHAB CENTER LLC,255 CENTRAL AVE,CHELSEA,MA,021503508,42.38804035,-71.02650270378646,6178845700,0.0,2
03d0392a-7361-32b3-81c9-8c8ac985be00,AMERICAN CHINESE MEDICAL CENTER PC,280 WASHINGTON ST STE 204,BROOKLINE,MA,024451922,42.33302785,-71.1193506756953,6177837333,0.0,33
a418cf76-2ee3-3736-a752-29ee33e86015,COMMUNITY NURSE HOME CARE  INC.,62 CENTER STREET,FAIRHAVEN,MA,027193823,41.63663425,-70.90101829397507,5089926278,0.0,1
2936ca90-6594-357d-be14-53fe0ab84dd1,KINGSBURY PRIMARY CARE PC,11 TREMONT ST,KINGSTON,MA,023641231,42.00823215,-70.72984043580247,7815855518,0.0,75
42d4b607-f14d-370a-818e-40965685776c,TRINITY FAMILY MEDICINE,3 WASHINGTON ST STE 220,NORTH EASTON,MA,023561034,42.0667665,-71.1036592,5082300155,0.0,102
ab701a70-a658-340e-8f69-ee196a7d40c6,CAREWELL URGENT CARE CENTERS OF MA  PC,484 RTE 134,WORCESTER,MA,016071728,42.2625621,-71.8018877,5086947901,0.0,15
11ba6a26-59b4-3728-a268-6dc9929962b4,COURTYARD NURSING CARE CENTER,200 GOVERNORS AVENUE,MEDFORD,MA,021551644,42.42711615,-71.1121606632448,7813915400,0.0,3
8a2e2731-3240-39d1-b4f0-cad14200937d,MORTON HOSPITAL  A STEWARD FAMILY HOSPITAL  INC.,88 WASHINGTON ST,TAUNTON,MA,027802465,41.9062805,-71.09518121351795,6174194772,0.0,4
65450d34-6d61-3601-b325-9d471587b016,MEDICAL HEALTHCARE SPECIALISTS P.C.,4 COURTHOUSE LN,CHELMSFORD,MA,018241731,42.62439345,-71.35881000636567,9784598400,0.0,48
05bcaa3e-aa5d-3b03-ba26-7e4d2e083681,ONE LOVE LANE OPERATOR LLC,1 LOVE LN,SOUTH DENNIS,MA,026603445,41.699084799999994,-70.13271830347861,(508) 385-6034,0.0,2
fa564970-fde4-332c-91d9-c0747b032d3e,RIVERBEND OF SOUTH NATICK,34 SOUTH LINCOLN STREET,NATICK,MA,017606049,42.2731232,-71.3105334275248,5086538330,0.0,2
667b46fe-0afa-3f70-a311-bbe3d52db050,URGENT CARE CENTERS OF CENTRAL MASSACHUSETTS LLC,757 BOSTON POST RD,WORCESTER,MA,016071728,42.231371,-72.165386,6173024194,0.0,9
0ff7cb48-0c93-31cf-9442-0b034084d588,MERCURY OPERATOR LLC,2 BEAUMONT AVE,BROCKTON,MA,023023302,42.0835203,-70.98856021035954,5085888550,0.0,2
a4af40b8-0ddb-34bb-ae4a-95a17e9ad6f3,COMPASSIONATE CARE HOSPICE OF SOUTHEASTERN MASS LL,100 MYLES STANDISH BOULEVARD  SUITE 103,TAUNTON,MA,027807340,41.948930849999996,-71.14141318475193,5083995900,0.0,3
bdc3ee76-9cf3-316d-b202-a8da1ea3fa20,KINDRED HOSPICE,130 RUMFORD AVENUE  SUITE 211,AUBURNDALE,MA,024661370,42.35853505,-71.24125521214887,6176634997,0.0,1
8e3ca57f-6f74-3d61-9803-ab1424290216,ACADEMY MANOR,89 MORTON STREET,ANDOVER,MA,018102036,42.6551409,-71.12857340697036,9784750944,0.0,6
5fcff9db-16e4-3e56-aa78-abbc16338097,THE LOWELL GENERAL HOSPITAL,295 VARNUM AVE,WESTFORD,MA,018863513,42.5792583,-71.4378411,9789376000,0.0,96
84abfbd5-41c1-3df4-9b31-7ca93cb2309a,SKIN WELLNESS PHYSICIANS LLC,85 HERRICK ST,BEVERLY,MA,019151790,42.56415055,-70.8751357650672,9785247933,0.0,73
1ddd51d1-7297-3c3b-bad5-98aecd5e4a79,BAYADA HOME HEALTH CARE  INC,127 CAMBRIDGE STREET  SUTIE #2B,BURLINGTON,MA,018033735,42.50188325,-71.19559351572005,6174721333,0.0,10
2e1eaaf1-ebb0-332c-8921-f48e15b91879,ALLIANCE HEALTH AT MARINA BAY,2 SEAPORT DRIVE,QUINCY,MA,021711599,42.29287335,-71.03019020136307,6177695100,0.0,21
c272e12f-e154-3fee-b05d-b7c0cab2657d,STEWARD NORWOOD HOSPITAL INC,800 WASHINGTON ST,NORWOOD,MA,020623487,42.1886973,-71.2005241,7817692950,0.0,50
0ddb0329-b59d-3187-874c-602c649249c8,BAYSTATE NOBLE HOSPITAL CORPORATION,115 W SILVER ST,WESTFIELD,MA,010853678,42.1178811,-72.75935246865802,4135682811,0.0,56
02c936e2-3aee-38b2-88a4-81f3689b7bb7,BENJAMIN HEALTHCARE CENTER,120 FISHER AVENUE,BOSTON,MA,021203320,42.3276141,-71.1051603,6177381500,0.0,4
609ec9f1-e806-3427-b912-9e3b2915521d,HOLYOKE VISITING NURSE ASSOC,575 BEECH STREET,HOLYOKE,MA,010406604,42.20105435,-72.628169560868,4135345691,0.0,7
ede4a423-6258-3ef5-b5ba-0fa6bb579563,COMMUNITY HEALTH CONNECTIONS,326 NICHOLS ROAD,FITCHBURG,MA,014205478,42.5974358,-71.80761197366103,9788788100,0.0,111
a14e698d-a9ba-3eae-9c8b-682ec726433d,LYNN URGENT CARE LLC,776 WESTERN AVE,LYNN,MA,019052408,42.466763,-70.9494939,6178939901,0.0,8
4c1a8ea6-b690-3c28-a02e-ebd82190ee65,SOUTH COVE COMMUNITY HEALTH CENTER  INC,885 WASHINGTON ST,BOSTON,MA,021111415,42.3479909,-71.064924,6174827555,0.0,4
5ba6765a-f335-36b0-9c6a-6bb494c5330d,URGENT CARE MEDICAL ASSOCIATES  LLC,31 OLD ROUTE 7,WESTWOOD,MA,020902333,42.2139873,-71.2244987,2038850808,0.0,3
b6eeaaf7-1683-3bcb-b6ee-81ce304636ef,MELROSEWAKEFIELD HEALTHCARE  INC,170 GOVERNORS AVE,MELROSE,MA,021763225,42.4564323,-71.064182,7819793050,0.0,218
1c42af32-f17e-32ec-b007-4ff8e2de493e,GOOD SAMARITAN MEDICAL CENTER,235 NORTH PEARL STREET,STOUGHTON,MA,020723396,42.1004556,-71.0668392,5084273000,0.0,4
65eda534-1bdc-3192-8d02-1c3764447790,PERSONAL PHYSICIANS HEALTHCARE PC,1244 BOYLSTON ST,CHESTNUT HILL,MA,024672115,42.3214927,-71.1711481,6177310058,0.0,68
d613e441-68e8-3502-8adb-3f770a1276bf,PALMER FAMILY SERVICES LLC,114 WATER ST,MILFORD,MA,017573007,42.13661855,-71.53474614336832,5084782008,0.0,40
de29a374-221b-3cb4-8051-a02c1a35e5b7,FAMILY MEDICINE ASSOCIATES OF SOUTH ATTLEBORO  P.C.,562 WASHINGTON ST,SOUTH ATTLEBORO,MA,027036942,41.912892049999996,-71.36135809627689,5087615650,0.0,88
b03b624d-c939-3688-986d-9555b8009a3b,HOLYOKE HEALTH CENTER INC,230 MAPLE ST,HOLYOKE,MA,010405144,42.207406,-72.608419,4134202122,0.0,64
d3085315-9893-34c7-8889-3a31dc17c2b0,WALPOLE MEDICAL CENTER  PC,1428 MAIN ST STE 7,WALPOLE,MA,020811729,42.1325911,-71.2618886,5086686600,0.0,20
18061fd5-fda8-3e2d-87f0-0f3c87211bcc,CAMBRIDGE PUBLIC HEALTH COMMISSION,1493 CAMBRIDGE ST,SOMERVILLE,MA,021431408,42.3875968,-71.0994968,6176651000,0.0,15
1faab3d1-2ae5-3110-8e5f-c65b92ca906d,FAIRVIEW HOSPITAL,29 LEWIS AVE,GREAT BARRINGTON,MA,012301713,42.19093125,-73.3715000043024,4135280790,0.0,30
7e97f720-f99d-3402-98a4-a144aaa5bd01,COMMUNITY HEALTH CENTER OF CAPE COD  INC.,210 JONES RD,FALMOUTH,MA,025402974,41.5614958,-70.6117407224321,5084777090,0.0,21
d17688c1-9cc8-3e68-980f-82fe1ed685fe,MINDFUL MEDICAL CARE PC,100 TEATICKET HWY,TEATICKET,MA,025365678,41.56361395,-70.59806084770075,6037599413,0.0,56
1e11392b-1278-3e70-93cd-f396cbd0c265,VHS ACQUISITION SUBSIDIARY NUMBER 9  INC.,115 LINCOLN ST,NATICK,MA,017607700,42.2843753,-71.3441395,5086507000,0.0,58
fe30f2b4-9bc8-346e-afba-4455d1766545,KATZMAN FAMILY CENTER FOR LIVING,17 LAFAYETTE AVENUE,CHELSEA,MA,021502010,42.40019115,-71.03050082480353,6178846766,0.0,10
6cf8a214-8d57-3267-85e5-7719e15cd63e,LEMUEL SHATTUCK HOSPITAL,170 MORTON STREET,JAMAICA PLAIN,MA,021303735,42.299067750000006,-71.10124351911541,6175228110,0.0,34
13161e5b-02d2-3d19-8b48-26ef0becfc83,LEONARD FLORENCE CENTER FOR LIVING,165 CAPTAIN'S ROW,CHELSEA,MA,021504019,42.3917638,-71.0328284,6178870001,0.0,1
0fedae9f-701f-3317-9b2f-69aea2202cdc,BOSTON MEDICAL CENTER CORPORATION-,88 EAST NEWTON STREET,WINTHROP,MA,021522715,42.3750976,-70.982827,6176388000,0.0,78
aade280a-3b90-3e48-9648-91109a964a63,AP MEDICAL LLC,909 SUMNER ST,DARTMOUTH,MA,027473826,41.6332267,-70.9879928,5089715190,0.0,173
6adc9d34-9b73-3285-abb7-56e567f1ba26,WELLESLEY HEALTHCARE SOLUTIONS LLC,271 NAHANT RD,NAHANT,MA,019081341,42.42554385,-70.91995214383596,7815810420,0.0,1
981338c4-287c-3621-bc45-8b0b9f1b8922,DR. HE'S PRIMARY CARE FOR ADULTS INC,640 BOLTON ST,MARLBOROUGH,MA,017523999,42.3658183,-71.55914630258509,5084810200,0.0,51
e59fb2d5-508c-38c6-af2e-21d8216dd2b0,BAYSTATE MEDICAL CENTER,759 CHESTNUT ST,WARE,MA,010821625,42.256476,-72.237482,4137940000,0.0,592
7a3b8310-02eb-3c47-aa1b-3f55b3ed9de9,ON CALL URGENT CARE  LLC,6 HATFIELD ST,NORTHAMPTON,MA,010602545,42.333172950000005,-72.6566355591273,4135847425,0.0,6
ad007cc5-a3df-3aa7-886d-5123ab59d189,MADONNA MANOR  INC.,85 N WASHINGTON ST,NORTH ATTLEBORO,MA,027601634,41.98443775,-71.33190349847027,5086992740,0.0,1
794b1cc2-97be-30a4-83a0-4bf6add43c74,ST JOSEPH MANOR HEALTH CARE INC,215 THATCHER STREET,BROCKTON,MA,023023949,42.0740963,-70.99660306096918,5085835834,0.0,6
0fab3c4e-a028-39a6-b15a-be5a88b6aa2a,ENCOMPASS HEALTH REHAB HOSPITAL OF WESTERN MASS,222 STATE STREET,LUDLOW,MA,010563437,42.15547415,-72.47222226666076,4135897581,0.0,630
b0016371-afcb-37a6-8f90-5e3786e7806f,JEWISH HEALTHCARE CENTER INC,629 SALISBURY ST,WORCESTER,MA,016091120,42.2932691,-71.8390048,5087988653,0.0,1
e9a24be5-b0a3-3fd2-a606-dd13498024ea,NORTON HEALTH CARE PC,85 E MAIN ST STE A,NORTON,MA,027662307,41.971697,-71.17689334021827,5089301927,0.0,38
00ffb204-07b4-3c72-a678-fa252e6cf86c,BEDFORD-LEXINGTON INTERNAL MEDICINE  PC,450 BEDFORD ST,LEXINGTON,MA,02420,42.47370735,-71.25090005,7812746274,0.0,76
ad82d624-72eb-3c7d-a76d-79f2668d1390,WOODLAND INTERNISTS  P.C.,3 WOODLAND RD,STONEHAM,MA,021801711,42.452443099999996,-71.08939988105112,7816627990,0.0,28
b8421363-9807-3b16-a146-95336eea5cfb,COOLEY DICKINSON HOSPITAL INC,30 LOCUST ST,NORTHAMPTON,MA,010602052,42.33032115,-72.65330802608176,4135822000,0.0,127
24460683-f514-37ef-98c1-724b2fc9aa2a,THE COMMONWEALTH OF MASSACHUSETTS,60 HODGES AVE,TAUNTON,MA,027803034,41.91158935,-71.10129620180315,5089773110,0.0,9
945104f1-4b95-3eed-bd02-5efa0afbf34d,DIGNITY HOSPICE CARE INC,20 CENTRAL AVE # 506,LYNN,MA,019011201,42.46410018181818,-70.9465129090909,8572054114,0.0,3
e854f053-5621-31fa-afa1-29040b0d7466,MATTAPAN COMMUNITY HEALTH CENTER  INC.,1575 BLUE HILL AVE,BOSTON,MA,021262122,42.2698727,-71.0940406,6172960061,0.0,50
752c7570-1637-36cf-8b74-03ea3acfa98c,HILLTOWN COMMUNITY HEALTH CENTERS INC,12 LITTLEVILLE RD,HUNTINGTON,MA,010509761,42.257603957277915,-72.87133712317558,4136670142,0.0,29
6170552c-4d27-3e64-8068-64a380f1837d,WP ACQUISITION SUB LLC,76 SUMMER ST,HAVERHILL,MA,018305814,42.7786873,-71.07306505177553,6158616000,0.0,32
e6cc6043-299a-3581-8f6b-b3b5d62c46ae,CARING HEALTH CENTER  INC,532 SUMNER AVE,SPRINGFIELD,MA,011082458,42.08631583333334,-72.55792579166666,4137391100,0.0,51
b9e35b8a-9831-32d8-a6dc-d7a546c126b0,VIBRA HOSPITAL OF WESTERN MASS - CENTRAL CAMPUS,111 HUNTOON MEMORIAL HIGHWAY  1ST FLOOR,SPRINGFIELD,MA,011092550,42.1018764,-72.5886727,4137876700,0.0,119
18df2721-3f76-3f83-94d5-63597cedd298,CURAHEALTH STOUGHTON LLC,909 SUMNER ST,STOUGHTON,MA,020723396,42.1005097,-71.0830269025407,7812978200,0.0,244
38508743-50d1-3429-8fe2-37e42ddaf20e,BAYSTATE FRANKLIN MEDICAL CENTER,164 HIGH ST,GREENFIELD,MA,013012778,42.595268700000005,-72.59288632376354,4137730211,0.0,193
2f735290-1603-31b5-b561-7c8e0d413170,BL HEALTHCARE INC DELEWARE,100 FOXBOROUGH BLVD STE 230,FOXBOROUGH,MA,020352878,42.041851949999995,-71.23486657070565,5085434150,0.0,49
e1818b21-4458-3b9c-b2b8-7ed6f57ae078,LIFE CARE CENTER OF WILBRAHAM,2399 BOSTON ROAD,WILBRAHAM,MA,010951185,42.14668485,-72.45048427046072,4135963111,0.0,100
328f813e-4de8-3ec2-a113-43f3ddfb0b2a,DILIGENCEHEALTHCARE,30-40 WESTPARK STREET,BROCKTON,MA,023015241,42.0834335,-71.0183787,8574539843,0.0,170
8d110f42-6f75-3751-b0c5-b45ab08333a1,MORTON HOSPITAL,88 WASHINGTON ST,TAUNTON,MA,027802465,41.9062805,-71.09518121351795,5088287000,0.0,1
dd3307db-114c-3f11-be44-a9eef6bb3fc5,LYNN COMMUNITY HEALTH,269 UNION STREET,LYNN,MA,019011201,42.4652772,-70.94362420273097,7815962502,0.0,74
5018c664-e283-30eb-932a-529d9a19b3b5,FIRST PSYCHIATRIC PLANNERS  INC,300 SOUTH ST,WOBURN,MA,018014979,42.473347,-71.144086,6174690300,0.0,30
5ba77f2c-8ce5-3dde-bb46-3ffcceb3bfbf,188 FLORENCE STREET OPERATOR LLC,188 FLORENCE ST,CHESTNUT HILL,MA,024672641,42.31835025,-71.17401686317635,6173324730,0.0,2
d140ed3f-2696-3e78-bd77-1c959ec4fc4d,HATHAWAY MANOR EXTENDED CARE,863 HATHAWAY ROAD,NEW BEDFORD,MA,027401916,41.6512968,-70.9669902070805,5089966763,0.0,17
1cff30ba-b91f-3ea2-b80b-770d67856358,ROYAL NURSING CENTER  LLC,359 JONES RD,FALMOUTH,MA,025403341,41.5591273,-70.60352436630029,7743450220,0.0,13
d4e48a16-0a60-3e90-81e5-c35b22ffe6af,GREEN MOUNTAIN URGENT CARE LLC,856 STATE RD,NORTH ADAMS,MA,012473027,42.69967208677275,-73.16330754755236,6035264635,0.0,1
4ff8b164-4cf5-3ab4-b0f2-7ce8fda920e5,CARDIOVASCULAR CENTER AT TUFTS MEDICAL CENTER INC,800 WASHINGTON ST,WORCESTER,MA,016550002,42.180483,-71.867782,6176365000,0.0,103
39c15c0f-5c49-311e-99d2-1fb99d80e06e,HARBOR HEALTH SERVICES INC,398 NEPONSET AVE,DORCHESTER,MA,021223134,42.286764399999996,-71.04402811508834,6172823200,0.0,59
c3e56d13-ebb5-3d4d-908f-3f2a6a4de7aa,JOHN SCOTT HOUSE NURSING & REHABILITATION CENTER,233 MIDDLE ST,BRAINTREE,MA,021844840,42.2180597,-70.9924896,7818431860,0.0,1
bccd7d67-203c-3d93-b6b0-bff5a146cd1d,CARECENTRAL URGENT CARE MEDICAL GROUP PC,286 WASHINGTON ST,STOUGHTON,MA,020721763,42.1384306,-71.1022598,7813412800,0.0,28
63cb4d95-04a9-3a35-b5d9-f89e0377a48d,STURDY MEMORIAL HOSPITAL INC,211 PARK ST,ATTLEBORO,MA,027033143,41.9419187,-71.2752081695297,5082368110,0.0,107
263d1b03-1560-3fc3-b93d-c33a0cbd5837,HOSPICE SERVICES OF MASSACHUSETTS,10 RIVERSIDE DRIVE  STE 201,LAKEVILLE,MA,023471689,41.8771119,-70.92344635,5082910049,0.0,5
a2a41caf-758f-3962-8e5f-e6e603f93d17,VIBRA HOSPITAL OF WESTERN MASSACHUSETTS LLC,111 HUNTOON MEMORIAL HWY,ROCHDALE,MA,015421305,42.2020225,-71.89891616754682,5088926000,0.0,215
0d24cc89-3256-330c-b36d-d8de8babef84,CAPE COD HEALTHCARE PHYSICIANS,1030 FALMOUTH RD,SOUTH YARMOUTH,MA,026641218,41.6667779,-70.1847414,5087784777,0.0,136
db28cc9a-fdfb-35a6-aef7-ab9b933ef244,CAMBRIDGE REHABILITATION & NURSING CENTER,8 DANA STREET,CAMBRIDGE,MA,021385402,42.3694992,-71.11011030010101,6178644267,0.0,22
844a8cb2-4164-35b2-88b8-dffa2889a738,CENTER FOR EXTENDED CARE AT AMHERST,150 UNIVERSITY DRIVE,AMHERST,MA,010022232,42.368937,-72.53247107203978,4132568185,0.0,23
52e42aa3-27fb-3298-a3ae-25529dfe6347,NORTHBRIDGE REHAB CENTER LLC,85 BEAUMONT DR,NORTHBRIDGE,MA,015341093,42.15719035,-71.6521339767302,7812550531,0.0,2
81b1ef2b-8d3c-3923-859d-ae56099e037a,19 VARNUM STREET OPERATING COMPANY  LLC,19 VARNUM STREET,LOWELL,MA,018502132,42.6520846,-71.29979019978185,9784545644,0.0,1
ea8d287f-b3a9-3800-8798-788e334ee406,NORTH SHORE MEDICAL CENTER INC,81 HIGHLAND AVE,SWAMPSCOTT,MA,019072928,42.4699241,-70.9171507,9783542065,0.0,469
c7542447-e06e-32cb-b6db-243c23a0dbc2,FRANCISCAN HOSPITAL FOR CHILDREN INC,30 WARREN ST,BOSTON,MA,021353602,42.3501483,-71.14393324457691,6172543800,0.0,20
8bf5325a-c11b-35c4-b07d-17a5aeba8353,BEACON HOSPICE  AN AMYEDISYS COMPANY,815 WORCESTER STREET,SPRINGFIELD,MA,011511001,42.1018764,-72.5886727,4132051229,0.0,19
9d2a1656-0f4d-30d1-bc63-eb365a05529c,STEWARD GOOD SAMARITAN MEDICAL CENTER  INC.,235 N PEARL ST,BROCKTON,MA,023011794,42.09805395,-71.0609587194362,5084272841,0.0,60
aba3e6f6-4562-342e-b90f-dd61b117f394,MEDICAL EXPRESS URGENT CARE CENTER CO INC,438 CHESTNUT STREET,SPRINGFIELD,MA,011072008,42.11291091861002,-72.59692685125127,4137811100,0.0,1
72f50aa0-d8c9-34dc-ac58-c428323f3bcd,BOSTON HEALTH CARE FOR THE HOMELESS PROGRAM INC,55 FRUIT ST,BOSTON,MA,021142696,42.36286045,-71.06875296664998,6177262707,0.0,77
eee00932-ca82-36bc-b7e8-e3fff6dbaeaa,DANA FARBER CANCER INSTITUTE,450 BROOKLINE AVE,WEYMOUTH,MA,021893141,42.2212188,-70.9391625,6176323000,0.0,51
be509ccb-bfb7-3b87-8945-8426b689ef9d,BOSTON HOME  INC (THE),2049 DORCHESTER AVENUE,BOSTON,MA,021244742,42.3554334,-71.060511,6178253905,0.0,8
065eba51-cef7-3976-8654-ba8e7df887ce,HOSPICE OF THE FISHER HOME,1165 NORTH PLEASANT STREET,AMHERST,MA,01002,42.40927615,-72.52971238527101,4135490115,0.0,3
6c7fe370-02c4-3537-8f5e-373b2168b933,HEALTH ALLIANCE HOME HEALTH AND HOSPICE,60 HOSPITAL ROAD,LEOMINSTER,MA,014533791,42.54031915,-71.76312990486304,9783426013,0.0,3
f8918a95-31e8-3ac4-8d12-29ca6080ebda,BETH ISRAEL DEACONESS HOSPITAL MILTON INC,199 REEDSDALE RD,MILTON,MA,021863926,42.251368299999996,-71.0768393856917,6173131214,0.0,429
9cec3b3c-fe3f-344e-b9c3-e414dafcd19f,120 MAIN STREET OPERATOR LLC,120 MAIN ST,MALDEN,MA,021486904,42.41918695,-71.06618960434116,7813245600,0.0,2
8d5880eb-1dd8-31ea-b7c5-21709f3bb341,MELROSE INTERNAL MEDICINE ASSOC PC,50 ROWE ST,MELROSE,MA,021763201,42.4592093,-71.06078096379728,7819793800,0.0,63
0ec04450-c150-322d-b2c3-1449d672a23c,MANET COMMUNITY HEALTH CENTER  INC.,110 W SQUANTUM ST,NORTH QUINCY,MA,021712122,42.27259075,-71.03082765,6173763000,0.0,34
3ff0f58b-7a1f-3334-9449-ff15f68b7d86,BETH ISRAEL DEACONESS HOSPITAL PLYMOUTH INC,275 SANDWICH ST,PLYMOUTH,MA,023607761,41.94186605,-70.6455366462985,5087462000,0.0,82
8ddbad9e-b5fc-3895-8a1c-17f32197a865,BROAD REACH HOSPICE,1455 MAIN STREET,CHATHAM,MA,026332083,41.6827332,-69.98755685244114,5089454601,0.0,1
dd280187-8662-3732-af81-595d10572911,4499 ACUSHNET AVENUE OPERATING COMPANY  LLC,4499 ACUSHNET AVE,NEW BEDFORD,MA,027454707,41.74026055,-70.9450945705336,5089956900,0.0,44
a6964d47-8af0-3df2-b99d-d8414eb1cfa3,ARBOUR-FULLER HOSPITAL,200 MAY ST,SOUTH ATTLEBORO,MA,027035520,41.924394750000005,-71.36076410900014,5087618500,0.0,290
2c708a72-2e25-36a1-8209-d2a708874eff,HOPEHEALTH HOSPICE & PALLIATIVE CARE,1324 BELMONT STREET #202,BROCKTON,MA,023014435,42.057156895761736,-71.06994368825448,5089570200,0.0,9
dac75bc1-cbfa-306b-9a0a-88d5edf3638d,BRIGHTON HOUSE REHABILITATION & NURSING CENTER,170 COREY ROAD,BRIGHTON,MA,021358244,42.3433093,-71.14003855124017,6177310515,0.0,5
92d919ab-8380-3fda-a5f1-838e69b819c1,ZANJABEE INTEGRATIVE MEDICINE AND PRIMARY CARE LLC,300 TRADECENTER STE 4750,WOBURN,MA,018017420,42.4994143,-71.161659,4019525488,0.0,34
87472bc2-7c23-37cc-8355-7f3e88614b6b,EAST LONGMEADOW SKILLED NURSING CENTER,305 MAPLE STREET,EAST LONGMEADOW,MA,010282765,42.059258494749486,-72.53388585052694,4135256361,0.0,3
0319f6d9-60a3-36ac-9f26-b782d7997b1c,ARLINGTON FAMILY PRACTICE PC,22 MILL ST,ARLINGTON,MA,024764738,42.4177455,-71.1579688,7816464345,0.0,46
175787c9-37d1-308a-9d33-a6ff513ee320,ALLIANCE HEALTH OF BROCKTON INC,804 PLEASANT ST,BROCKTON,MA,023013055,42.08723215,-71.05285860302956,5085836000,0.0,1
9f2f60a6-87a4-3f45-b753-b63b5b7e9993,NORTH END COMMUNITY HEALTH COMMITTEE INC,332 HANOVER STREET,BOSTON,MA,021131901,42.3647421,-71.0536619,6176438000,0.0,69
f341c366-8313-3790-ab26-d8d27b116ff5,WAYSIDE YOUTH & FAMILY SUPPORT NETWORK,80 LINCOLN STREET,WALTHAM,MA,024535465,42.39322121170625,-71.24104146434591,5086200010,0.0,33
0519b293-2e92-3eb3-aeef-233da0babc93,PALM SKILLED  NRSING CR & CTR FOR REHAB EXCELLENCE,40 PARKHURST ROAD,CHELMSFORD,MA,018241511,42.6198215,-71.36189212971482,9782563151,0.0,10
ce4d0501-49eb-396a-bc56-545fdfc624b0,MARTHA'S VINEYARD HOSPITAL INC,1 HOSPITAL RD,OAK BLUFFS,MA,025571406,41.46063105,-70.57989080295974,5086930410,0.0,209
70e943de-a18b-3e03-a204-ecca2f01b6d1,OAKDALE REHABILITATION & SKILLED NURSING CENTER,76 NORTH MAIN STREET,WEST BOYLSTON,MA,015831130,42.393642299999996,-71.79207534741954,5088356076,0.0,5
1ef8d603-bec1-35f5-a830-2a0b919cf47f,SUTTON HILL CENTER,1801 TURNPIKE STREET,NORTH ANDOVER,MA,018456322,42.6355548,-71.0761760490546,9786881212,0.0,4
06cc2462-430f-3322-9c87-7e971125f510,EMERSON HOSPITAL,133 OLD ROAD TO 9 ACRE COR,WESTFORD,MA,018863198,42.5792583,-71.4378411,9782873226,0.0,4
37cba62c-ea42-3930-a1e1-7a285ace4b8a,COMPASSION HOME HEALTH CARE  LLC,58 PRINCETON RD,MALDEN,MA,021484411,42.4367715,-71.05428049538298,6174610259,0.0,13
ee7fab6f-6438-394f-b1f2-3e452f8f055a,BLUEBERRY HILL REHABILITATION AND HEALTHCARE CTR,75 BRIMBAL AVENUE,BEVERLY,MA,019156009,42.570099299999995,-70.87108224250409,9789272020,0.0,15
1ce0d1a3-b507-3ad1-afc5-b25bfe48b8dc,STOUGHTON PUBLIC HEALTH ASSOCIATION,10 PEARL STREET,STOUGHTON,MA,020722364,42.125716800000006,-71.1025481568314,7813447011,0.0,3
880fad59-9c38-3a21-a39f-ccc801502ab3,SANCTA MARIA NURSING FACILITY,799 CONCORD AVENUE,CAMBRIDGE,MA,021381048,42.390849395521705,-71.1556550001627,6178682200,0.0,5
352f2e3b-0708-3eb4-9f7e-e73a685bf379,MARLBOROUGH HOSPITAL CORP,157 UNION ST,SOUTHBOROUGH,MA,017721215,42.3056501,-71.5245087,5084815000,0.0,151
a2d45ee8-b930-3169-b612-f602961ad212,SUNRISE HEALTHCARE LLC,37 MINUTEMAN WAY,SHREWSBURY,MA,015452229,42.288207,-71.73443816915585,6176509959,0.0,134
4887dc20-9ef6-3cc2-9c56-858388049a50,ELIOT CENTER FOR HEALTH & REHABILITATION,168 WEST CENTRAL STREET,NATICK,MA,017604122,42.282113100000004,-71.37898579435048,5086551000,0.0,4
d0894f6b-78d7-338d-82ad-b63de4d40014,MOUNT AUBURN HOSPITAL,330 MOUNT AUBURN STREET,WALTHAM,MA,02452,42.3756401,-71.2358004,6174923500,0.0,178
3d5fbf38-c781-3e04-8c7e-5a402611b7d4,DAVIS SQUARE FAMILY PRACTICE,260 ELM ST,SOMERVILLE,MA,021442951,42.3955992,-71.1227391,6176669577,0.0,26
d6b03647-983f-3162-af9e-b12aea026f13,HOLISTIC FAMILY PRACTICE  INC.,65 NEWBURYPORT TPKE,NEWBURY,MA,019501199,42.7891081,-70.87774011339009,9784659770,0.0,21
326bc5bc-8da8-3337-a76a-7d44202dae3d,ABERJONA NURSING CENTER  INC,184 SWANTON ST,WINCHESTER,MA,018901921,42.4606573,-71.13806547771736,7817299370,0.0,2
88975fd9-b47e-3af6-af78-c58e1ecf0d5e,BAYSTATE NOBLE HOSPITAL CORPORATION,115 W SILVER ST,WESTFIELD,MA,010853628,42.1178811,-72.75935246865802,4135682811,0.0,8
52efa2e5-007f-3396-a83a-28ca015f0595,BAYADA HOME HEALTH CARE INC,20 N PARK AVE STE 2200A,PLYMOUTH,MA,023604090,41.960434631488596,-70.67007876763536,5088300999,0.0,11
ba5db88e-396b-39a6-9a0a-e9791bc709b7,BEAR MT ANDOVER LLC,80 ANDOVER ST,ANDOVER,MA,018105606,42.6390425,-71.15835003183432,9784703434,0.0,1
cf3467b5-7d92-3bbc-b7c1-358e4a12cccf,GREATER HORIZON HEALTHCARE LLC,413 NEPONSET AVE,DORCHESTER,MA,021223131,42.2861758,-71.0437453,6172883333,0.0,20
4ba48ef6-19f2-3177-bfaf-096daaebf26a,SOUTH SHORE HEALTH CARE INC,275 TURNPIKE ST,BRAINTREE,MA,021845328,42.2064195,-71.005067,7818481950,0.0,114
51759ecf-0948-3f61-b8fc-09dd8f2b90a1,FAIRVIEW COMMONS NURSING & REHABILITATION CENTER,CHRISTIAN HILL ROAD,GREAT BARRINGTON,MA,012301108,42.207865,-73.360405,4135284560,0.0,3
48a6d3ab-50ef-349e-8945-2558a78f378e,SAINT ANNE'S HOSPITAL,795 MIDDLE ST,SWANSEA,MA,027774114,41.730919,-71.208117,5086745600,0.0,11
0a8a4b11-d0b8-3cd2-92cd-983de5189cfa,LIFE CARE CENTER OF THE NORTH SHORE,111 BIRCH STREET,LYNN,MA,019021574,42.47859105,-70.93458444045801,7815929667,0.0,31
335fe080-43f9-3219-84bd-031c4fcfe9d5,PARK AVENUE SNF OPERATIONS LLC,146 PARK AVE,ARLINGTON,MA,024765829,42.421350950000004,-71.18224816367342,7816489530,0.0,1
93bf4a6b-8fb3-3a1e-9be6-4958736f2bfb,1102 WASHINGTON STREET OPERATOR LLC,1102 WASHINGTON ST,BRAINTREE,MA,021845438,42.19876545530798,-71.00672788298964,(781) 848-3100,0.0,1
f1c6e386-ed52-3f97-a2b0-4e21ad2d0966,TAUNTON MEDICAL CENTER  PC,54 COURT ST,TAUNTON,MA,027803201,41.9028629,-71.09718927122583,5088212500,0.0,15
7b20d1c4-c56b-3647-801c-5e4e13679073,BETH ISRAEL DEACONESS HOSPITAL PLYMOUTH INC,275 SANDWICH ST,PLYMOUTH,MA,023602183,41.94186605,-70.6455366462985,5087462000,0.0,156
3e97ce4f-3ad7-3cea-883f-e2bb4ca89d83,HALLMARK HEALTH URGENT CARE PHYSICIANS LLC,30 NEW CROSSING RD,READING,MA,018673270,42.51809619399502,-71.0959083715027,7812801699,0.0,1
4f59f709-8b84-3d27-a04b-c6b7b5544413,HILLTOWN COMMUNITY HEALTH CENTERS INC,70 BOLTWOOD WALK,AMHERST,MA,010022271,42.3768779,-72.51840280783739,4132385511,0.0,111
79d49935-bcc0-36ca-920b-45365c367438,SOUTH BOSTON COMMUNITY HEALTH CENTER INC,409 W BROADWAY,SOUTH BOSTON,MA,021272245,42.336831,-71.047958,6172697500,0.0,53
0f2c58ec-5323-3c0f-9bdf-af0df7eb2a2b,MARIAN MANOR,130 DORCHESTER STREET,SOUTH BOSTON,MA,021272642,42.3334312,-71.0494949,6172683333,0.0,8
cc400ddc-c38d-3604-8d89-cea21555719f,NEEDHAM FAMILY PRACTICE ASSOC. P.C.,87 CHESTNUT ST,NATICK,MA,017603644,42.293559188306446,-71.35158050924959,7814445515,0.0,53
51370692-6296-3150-8672-559fc73f964f,BRIGHAM & WOMENS HOSPITAL INC,75 FRANCIS ST,WEST BRIDGEWATER,MA,023791542,42.0219112,-71.019004,6177325500,0.0,69
2836d9ac-c6a6-39d1-8f13-fdf0fc8928f4,TEWKSBURY HOSPITAL,365 EAST ST,TEWKSBURY,MA,018761950,42.6069472,-71.2180803,9788517321,0.0,347
a2f8d8fe-665e-390f-8b9b-efdc0b14a77c,LOWELL COMMUNITY HEALTH CENTER,161 JACKSON ST,LOWELL,MA,018522103,42.6425382,-71.3093946,9783228590,0.0,55
126b88f5-592a-3099-a433-c8b933f96d04,VERO HEALTH XIII LLC,573 GRANBY RD,SOUTH HADLEY,MA,010752122,42.23920485,-72.5586160752016,4135322200,0.0,1
82c72223-f521-3a34-9b9b-4ff366365399,CARNEY HOSPITAL,2100 DORCHESTER AVENUE,QUINCY,MA,021691870,42.2509914,-71.0037374,6175062000,0.0,188
423ee6a6-6928-3a01-a49d-9687361747a4,SALEM REHAB CENTER LLC,7 LORING HILLS AVE,SALEM,MA,019704267,42.48646565,-70.90338797731044,9787415700,0.0,1
04b252db-4231-3cb5-963d-6f096fb4b97c,DEDHAM MEDICAL ASSOCIATES URGENT CARE CENTER LLC,1177 PROVIDENCE HIGHWAY,NORWOOD,MA,020625019,42.194543,-71.1994976,7813291400,0.0,19
a94f4f6e-88ad-39ff-a935-dc87f13327b1,LIFE CARE CENTER OF LEOMINSTER,370 WEST STREET,LEOMINSTER,MA,014532073,42.535877150000005,-71.77537115047085,9785370771,0.0,3
e2eab39c-5195-34aa-b35f-e89e37cfed01,SOUTH SHORE HOSPITAL INC.,55 FOGG ROAD,WEYMOUTH,MA,021893141,42.175539799999996,-70.9539153674405,7813408000,0.0,298
4fa8411f-42f8-3353-8947-bf15254c9dee,GREENWOOD NURSING & REHABILITATION CENTER,90 GREENWOOD STREET,WAKEFIELD,MA,018804039,42.476321150000004,-71.06922169005762,7812460211,0.0,1
ca7b6c37-ddf1-3aa2-8bc4-d96cf3fa2fe6,NOTRE DAME HEALTH CARE CENTER  INC,559 PLANTATION ST,WORCESTER,MA,016052350,42.291381799999996,-71.7630578363871,5088523101,0.0,1
a977feef-f585-3fa8-8deb-7e60fc2cab30,HORIZON HOME CARE  LLC,2314 MAIN STREET,TEWKSBURY,MA,018763128,42.58023655,-71.19367180835906,9788517775,0.0,8
b411fd60-9bd5-30f1-99b4-c24a409964a1,WILLOW STREET FAMILY PRACTICE INC,42 ASBURY ST,SOUTH HAMILTON,MA,019821808,42.61322825,-70.87300675048934,9784684101,0.0,60
1de7e7d9-9a7a-3a3f-bf4c-b4de450711f2,CIRCLE HEALTH URGENT CARE LLC,198 LITTLETON RD,WESTFORD,MA,018863429,42.564282,-71.42620615382347,9783230302,0.0,5
497f39dd-280e-3d58-af5b-c5e3a3a09b10,CAPE COD HOSPITAL INC,27 PARK ST,HYANNIS,MA,026015230,41.65363635,-70.27352219234834,5087711800,0.0,331
b0762027-dc86-335b-8310-f4f031c1caca,LIFE CARE CENTER OF WEST BRIDGEWATER,765 WEST CENTER STREET,WEST BRIDGEWATER,MA,023791517,42.01302315,-71.05345585281756,5085804400,0.0,1
accb8cdd-6560-3fef-b0a6-f12c3295026a,LIFE CARE CENTER OF ATTLEBORO,969 PARK STREET,ATTLEBORO,MA,027035115,41.9266899,-71.2611303145582,5082224182,0.0,16
7445ae34-b648-3d3a-b8cf-0eb630061b6e,CARING HOSPICE SERVICES OF MASSACHUSETTS  LLC,34 CEDAR ST STE 4,WEST ROXBURY,MA,021324338,42.2792649,-71.1494972,7329016600,0.0,1
a2df2aea-9c53-31f4-baea-02ea5ea1e553,BUCKLEY-GREENFIELD HEALTHCARE CENTER,95 LAUREL STREET,GREENFIELD,MA,013013106,42.58163075,-72.61795013515538,4137743143,0.0,1
18a96051-91f4-3cba-af96-056ea14dfee0,ANNA JAQUES HOSPITAL SUBACUTE UNIT,25 HIGHLAND AVENUE,NEWBURYPORT,MA,019503872,42.81369325,-70.89091645747592,9784631056,0.0,29
07ae483b-b351-3add-8b05-afba832b88ea,STONEHEDGE HEALTH CARE CENTER,5 REDLANDS ROAD,WEST ROXBURY,MA,021321506,42.2879347,-71.15108161583282,6173276325,0.0,3
aebbaa5c-2d54-3002-8042-83f6513ccbd2,PRIMARY CARE FOR MUSCULOSKELETAL INJURIES PLLC,14 TOWNSIDE LN,WALPOLE,MA,020813541,42.1528227,-71.24396289112357,5088890642,0.0,45
41e2a44c-477c-3511-96f9-12c476aa3b6a,DR SOLOMON CARTER FULLER MENTAL HEALTH CENTER,85 E NEWTON ST,BOSTON,MA,021183553,42.336277100000004,-71.07085295687423,6176268860,0.0,80
9d41e4fc-9507-3ddb-82ad-966046fca031,ODD FELLOWS HOME OF MASSACHUSETTS,104 RANDOLPH ROAD,WORCESTER,MA,016062465,42.29955605000001,-71.79838133819244,5088536687,0.0,9
4956f573-3dc2-3a67-9692-2f57451744e6,RESERVOIR CENTER FOR HEALTH & REHABILITATION  THE,400 BOLTON STREET,MARLBOROUGH,MA,017523912,42.35966285,-71.55290125539051,5084816123,0.0,14
b44955d1-f0e2-3beb-a013-708a81dbe430,SIGNATURE HEALTHCARE MEDICAL GROUP INC,680 CENTRE ST,WEST BRIDGEWATER,MA,023791600,42.0219112,-71.019004,5089417000,0.0,50
363631be-d437-3548-98c2-d10b909c1721,SEA VIEW CONVALESCENT AND NURSING HOME,50 MANSION DRIVE,ROWLEY,MA,019691026,42.73718535100735,-70.88053187301136,9789482552,0.0,3
ad2dab07-4f85-3950-baaa-7c7cd2aa770c,UNIVERSITY OF MA MED CTR-ESRD,55 LAKE AVENUE NORTH,WORCESTER,MA,016550002,42.2774799,-71.76166994969458,5088560011,0.0,344
0d1570ab-371c-3898-9397-95905d8c5166,TUFTS MEDICAL CENTER  INC,750 WASHINGTON ST,BOSTON,MA,021111552,42.3499038,-71.0631836,6176365442,0.0,57
1853aeef-5897-326a-80d6-aa4b0459eb6d,BARRINGTON URGENT CARE PC,381 WICKENDEN ST,ATTLEBORO,MA,027032247,41.9438129,-71.2806515,4014337550,0.0,22
93552c27-f173-385f-8849-ee56c25f638b,SOMERSET LONG TERM CARE LLC,359 HIGH ST,GREENFIELD,MA,013012617,42.6033006,-72.58135309677492,4137746318,0.0,2
2ca615f3-87f7-3283-a447-d919a883b676,HANOVER FAMILY HEALTH & URGENT CARE PC,1399 WASHINGTON ST,HANOVER,MA,023391653,42.1441354,-70.8440854,7818290895,0.0,11
c0a33465-d309-3d2a-932e-9d554a7cc19c,T MASSACHUSETTS  LLC,100 CENTURY DR,WORCESTER,MA,016061244,42.3138278,-71.7707002,7743667000,0.0,264
51d38e67-9350-39b8-bbb3-91cc879ae415,HIGHLANDS  THE,335 NICHOLS ROAD,FITCHBURG,MA,014201932,42.598254850000004,-71.80841914533654,9783434411,0.0,13
80646050-1c76-3046-bbc8-fd5f0b7c34e6,COMMUNITY HEALTH CONNECTIONS  INC,140 ARNHOW FARM ROAD,FITCHBURG,MA,014201369,42.5903661,-71.8119837,9788788100,0.0,23
e02d9c87-52cb-3f3c-9f97-fe95f260c437,OLD COLONY HOSPICE  INC,321 MANLEY STREET,WEST BRIDGEWATER,MA,023791022,42.0338457,-71.05496436428572,7813414145,0.0,8
d36eba4a-0dfb-3a26-b9fe-eb74594bbe3c,PARSONS HILL MA SNF LLC,1350 MAIN ST,WORCESTER,MA,016031550,42.2416259,-71.85047518091996,5087914200,0.0,1
1b3fe590-8793-3f08-865d-01fc425a84d4,FENWAY COMMUNITY HEALTH CENTER  INC,1340 BOYLSTON ST,BOSTON,MA,022154302,42.34392675,-71.09888049065322,6179274880,0.0,12
3f12ebb4-e03c-3453-88d2-4fc9682383df,NEW BEDFORD INTERNAL MEDICINE & GERIATRICS  LLC,726 COUNTY ST,NORTH DARTMOUTH,MA,027473603,41.6389926,-70.9703171,5089845671,0.0,154
8af3b144-0e1a-3c90-937d-81a4ed026080,NORWOOD HOSPITAL,800 WASHINGTON STREET,NORWOOD,MA,020623489,42.1886973,-71.2005241,7817694000,0.0,14
e8d0fea4-45cb-32d3-8798-0fe6156c4409,265 ESSEX STREET OPERATING COMPANY  LLC,265 ESSEX STREET,BEVERLY,MA,019151958,42.56513015,-70.86168781456092,9789273260,0.0,3
e92dad8b-f485-315a-8fc4-1d7adfdc9c00,NORTHEAST BEHAVIORAL HEALTH LLC,581 FAUNCE CORNER RD,DARTMOUTH,MA,027471242,41.676111381167445,-70.98788528176077,5082079800,0.0,49
a1a024f0-95e2-3db4-a771-e2f17c5da162,FAMILY AND COMMUNITY RESOURCES INC,18 NEWTON ST,BROCKTON,MA,023015115,42.0785392,-71.02602473630952,5085836498,0.0,45
aad05540-c9cb-3805-b3c4-f9b9d9b42b2e,RIVER'S EDGE PRIMARY CARE LLC,821 E MAIN ST STE 3,CHICOPEE,MA,010206306,42.155774795300516,-72.55672263289513,4136956774,0.0,92
1aa9084e-2b86-3d6e-93ab-dbe6d4dda601,CARLETON-WILLARD VILLAGE RETIREMENT & NURSING CTR,100 OLD BILLERICA RD,BEDFORD,MA,017301267,42.499905749999996,-71.25668964877971,7812758700,0.0,1
2987ddf5-7ff2-3e4a-9e25-d654a10313fd,THOMAS UPHAM HOUSE,519 MAIN STREET,MEDFIELD,MA,020522522,42.186209649999995,-71.30745495273302,5083596050,0.0,4
ce3b504c-f15c-3bcf-ba6e-dcb551cc7d7f,BOSTON HEALTH CARE FOR THE HOMELESS PROGRAM INC,112 SOUTHAMPTON ST,BOSTON,MA,021182711,42.33240995,-71.06915010706255,6175342881,0.0,63
19a3afba-b409-3650-a0ab-f3faf6e391ef,ASSOCIATED PHYSICIANS OF HARVARD MEDICAL FACULTY PHYSICIANS AT BETH IS,199 REEDSDALE RD,WALTHAM,MA,024511433,42.3756401,-71.2358004,6176964600,0.0,50
0e9d0119-1157-35a0-8bb5-7e0aa3041928,CARING HEALTH CENTER  INC,1049 MAIN STREET,SPRINGFIELD,MA,011032114,42.09977055,-72.58470990760483,4136931007,0.0,56
76b7dbb5-0a02-32a4-9a01-3511f7e45016,CARDIGAN NURSING & REHABILITATION CENTER,59 COUNTRY WAY,SCITUATE,MA,020663746,42.1806871,-70.74862935148246,7815459477,0.0,3
3a9bf5ed-e584-3532-98a0-1e3a1f909db2,ZEM HEALTH SYSTEMS LLC,51 HOVENDON AVE,BROCKTON,MA,023021220,42.11106635,-71.0162512,6175010681,0.0,11
c9aabcbd-d4e0-391f-8980-d0be6934ea82,VIGILANT FAMILY HEALTH CLINIC  INC.,340 PLEASANT ST,BROCKTON,MA,023013236,42.08764334999999,-71.03287346676532,8579918438,0.0,47
d9b71ccf-6649-3555-9e99-44eac0af257f,SERENITY HILL NURSING CENTER,655 DEDHAM ST,WRENTHAM,MA,020931135,42.084901,-71.30689224201797,5083843400,0.0,6
81991e0d-8034-36c8-be5c-624b44cb67de,76 NORTH STREET OPERATOR LLC,76 NORTH ST,MIDDLEBORO,MA,023461619,41.9014651,-70.91375666607357,5089474774,0.0,1
cbebae9e-f95e-3d2c-9712-289ea8d6aeec,ARBOUR HOSPITAL  THE,49 ROBINWOOD AVENUE,QUINCY,MA,021698130,42.2509914,-71.0037374,6175224400,0.0,319
1cec4304-9757-3a10-ad4f-7e2090c56131,UMASS MEMORIAL MEDICAL CENTER INC,55 LAKE AVE N,WORCESTER,MA,016550002,42.2774799,-71.76166994969458,5083340254,0.0,10
5862e05c-9533-3f7a-8f73-215d50f5ee2f,HEBREW REHABILITATION CENTER,1200 CENTRE ST,ROSLINDALE,MA,021311000,42.29768,-71.130463,6173258000,0.0,8
ec7e487e-7e78-3eac-a9ee-37f8de98a0f9,COLONY CENTER FOR HEALTH & REHABILITATION,277 WASHINGTON STREET,ABINGTON,MA,023512489,42.10060947239023,-70.94967338146704,7818710200,0.0,28
a8f1424c-00bc-3403-8db5-cd600978f3a4,CONNECTICUT RIVER INTERNISTS. LLP,8 BURNHAM ST,TURNERS FALLS,MA,013761816,42.6042523,-72.5564777,4137745554,0.0,86
411f14a5-de79-3e08-81d6-301270cc2275,RHEUMATOLOGY AND INTERNAL MEDICINE ASSOCIATES PC,64 CONCORD STREET,WILMINGTON,MA,018872179,42.55962465,-71.13772203658047,9786641606,0.0,42
5581e43d-0463-3a0b-afc7-a60aea5ac96c,GREATER LAWRENCE FAMILY HEALTH CENTER INC,57 RIVER RD,ANDOVER,MA,018101144,42.69112645,-71.19636086287642,9786868521,0.0,39
7dcab1ad-0e13-3700-9eb0-70767c5e2b55,URGENT CARE PHYSICIANS PC,1515 ALLEN ST,SPRINGFIELD,MA,011181803,42.095299499999996,-72.50943136142334,4137839114,0.0,5
966245ce-e84d-36b0-a838-2e0b5bb2e668,MATTAPAN COMMUNITY HEALTH CENTER,1425 BLUE HILL AVENUE,MATTAPAN,MA,021262122,42.2754929,-71.09384131587021,6172960061,0.0,3
b574fc4f-313c-38a4-9baf-7e12e431a499,SAVARD & MOSKOS EYE HEALTH CARE  LLC,511 W GROVE ST,MIDDLEBORO,MA,023461479,41.90036455,-70.9535889372234,5089477321,0.0,41
845fbd9b-2d1c-39a8-8261-28ae40e4fab2,MILFORD REGIONAL MEDICAL CENTER,14 PROSPECT STREET,UPTON,MA,015681431,42.1700209025178,-71.59409308099494,5084731190,0.0,79
af8566eb-8918-3ec7-ba44-92b6a2cf8097,NORTH SHORE MEDICAL CENTER INC,81 HIGHLAND AVE,SALEM,MA,019702714,42.5112107,-70.90516241826194,9787410522,0.0,184
ecd3b321-0a8a-3ce6-81f0-982dd77fce43,ANNA JAQUES HOSPITAL SUBACUTE UNIT,25 HIGHLAND AVE,NEWBURYPORT,MA,019503867,42.81369325,-70.89091645747592,9784631000,0.0,2
a036cdf2-bbc5-3ffd-987f-56e437fd8b74,WINDSOR NURSING & RETIREMENT HOME,265 N MAIN ST,SOUTH YARMOUTH,MA,026642083,41.680980000000005,-70.18292625685085,5083943514,0.0,17
4f5e8f16-a31b-3071-8556-d7188ede313d,HOLYOKE MEDICAL CENTER INC,575 BEECH ST,HOLYOKE,MA,010402223,42.20105435,-72.628169560868,4135342805,0.0,51
218e58e4-9642-3ebd-9b39-34d15f22c620,COMMUNICATIVE HEALTH CARE ASSOCIATES INC.,977 MAIN ST,WALTHAM,MA,024517406,42.376452150000006,-71.25063779999999,7818994709,0.0,69
8887c942-34a1-3087-a4b3-81dcd1bd9f36,1199 JOHN FITCH HIGHWAY OPERATOR LLC,1199 JOHN FITCH HWY,FITCHBURG,MA,014202026,42.59851915,-71.7934564896979,9783450146,0.0,2
41f66e18-8eb7-32f2-9371-7df5bf2b8d21,AMBULATORY EMPLOYEE INDUSTRIAL OCCUPATIONAL AND URGENT HEALTHCARE,170 UNIVERSITY DRIVE,GREENFIELD,MA,013011238,42.6097476,-72.5979752,4133874556,0.0,2
a25107f7-f4f5-36fc-98e4-f3e1b5875c91,MASS GENERAL BRIGHAM URGENT CARE LLC,1285 BEACON ST,WOBURN,MA,018012157,42.4979478,-71.1684508,6177516205,0.0,35
0e6c3ad1-24c1-34cb-bb6d-e8438fa319e2,URGENT CARE OPERATIONS PC,50 DODGE ST,SWAMPSCOTT,MA,019071300,42.4699241,-70.9171507,9789222171,0.0,27
b4ca31a9-9d34-3ea1-93c4-443941622304,COMMUNITY HEALTH CENTER OF FRANKLIN COUNTY INCORPORATED,102 MAIN ST,GREENFIELD,MA,013013224,42.5879173,-72.6055828841603,4133258500,0.0,26
4f9dd195-07b8-3a81-8b7a-58852a0e6cdf,FAIR HAVENS INC,47 E MAIN ST,WEST BROOKFIELD,MA,015852906,42.2355113,-72.1381676,5088677716,0.0,3
43ee6bb5-8efa-3bfc-8ca8-1579a5267753,STEWARD GOOD SAMARITAN MEDICAL CENTER  INC.,235 N PEARL ST,BROCKTON,MA,023011794,42.09805395,-71.0609587194362,5084273000,0.0,51
3695125c-c052-3ece-898a-2a6448987ae5,URGENT CARE SPECIALISTS  P.C.,2040 BOSTON RD STE 5,WILBRAHAM,MA,010951380,42.150295650000004,-72.47288272264812,4135993800,0.0,4
05fcf001-ab24-3d7d-85f7-f64942d82738,ENCOMPASS HEALTH BRAINTREE HOSPITAL OF BRAINTREE,250 POND STREET,FRAMINGHAM,MA,017014592,42.2838619,-71.4093719,7818485353,0.0,19
7e6db51f-7c1b-3555-9e1c-6269ba6d704d,ACCLAIM HOME HEALTH CARE  INC,120 STAFFORD STREET SUITE 206,WORCESTER,MA,016031461,42.239638,-71.8443785891577,5084596937,0.0,13
83769f98-fff3-3535-8781-6ace5957136f,SOUTHSHORE HEALTH CARE CENTER,115 NORTH AVENUE,ROCKLAND,MA,023702129,42.13496385,-70.92237824494691,7818783308,0.0,5
e87cda4c-1ad8-3a9e-b55f-7bfe987610ce,COMMUNITY HEALTH CONNECTIONS,326 NICHOLS RD,FITCHBURG,MA,014201914,42.5974358,-71.80761197366103,9788788100,0.0,77
e7b77e8f-b607-3273-aef9-ad1bca48813f,ZION HEALTH & WELLNESS LLC,209 W CENTRAL ST STE 216,NATICK,MA,017603716,42.28202598359604,-71.3899479380402,7745970925,0.0,25
0e3a24c3-b772-3059-b3fd-8a4710068a82,LAKESIDE FAMILY PRACTICE,416 BROADWAY,RAYNHAM,MA,027671737,41.940680799999996,-71.07864352196617,5088285020,0.0,22
a537b406-fdfa-36b4-84da-12512e7e6c63,STEWARD ST. ANNES HOSPITAL CORPORATION,795 MIDDLE ST,STOUGHTON,MA,020721829,42.1252079,-71.1022015,5086745600,0.0,60
d24e558b-6659-3c62-bfa7-938aa245c8a8,DRUM HILL PRIMARY CARE LLC,4 COURTHOUSE LANE SUITE 1-3,CHELMSFORD,MA,018241737,42.62439345,-71.35881000636567,9784520052,0.0,15
e5d50afe-8c7d-35f5-96f5-fb8941403b0f,VMD PRIMARY PROVIDERS MASSACHUSETTS PLLC,125 S CLARK ST STE 900,FALL RIVER,MA,02722,41.74223,-71.129706,3124657900,0.0,22
4a2eeae3-1d8f-3933-b177-f8b74b103338,BOSTON HEALTH CARE FOR THE HOMELESS PROGRAM INC,17 COURT ST,BOSTON,MA,021082601,42.3590416,-71.0583916,6173711723,0.0,41
7baecfbc-ac9c-3f96-9db7-6453ab224b73,MAIN STREET FAMILY PRACTICE PC,675 MAIN ST,MELROSE,MA,02176,42.4586199,-71.0629807,7816624934,0.0,23
9adfae03-673d-365d-9052-f705098fa3e4,THE SHRINERS HOSPITAL FOR CHILDREN,51 BLOSSOM ST,BOSTON,MA,021142699,42.36305545,-71.06643399281765,1617722300,0.0,259
89171335-b9c0-3326-98d6-a837d432b9fd,WHITTIER REHABILTATION HOSPITAL,150 FLANDERS ROAD,LYNN,MA,019042915,42.466763,-70.9494939,5088712063,0.0,162
c1a85a41-6758-3edc-95ec-238b8ac72a40,FAMILY CARE ASSOCIATES LLC,65 CENTRAL ST,GEORGETOWN,MA,018332112,42.7211656,-70.99324119227308,9783527780,0.0,27
01bde980-bf89-3138-8912-7360dff33247,LE & CHANG FAMILY URGENT CARE PC,456 PARK AVE,WORCESTER,MA,016101254,42.25512735,-71.82580924803523,5086851517,0.0,2
217cb6f6-e822-3831-9d9d-ffa104971042,ENCOMPASS HEALTH REHABILITATION HOSP OF NEW ENGLAN,2 REHABILITATION WAY,WOBURN,MA,018016003,42.46352265,-71.161925472006,7819355050,0.0,463
e2a8b444-9b8f-36ff-84c4-05ee98589482,WHITLEY WELLNESS LLC,8 SHIPWAY PL # C-8,CHARLESTOWN,MA,021294301,42.3778749,-71.0619957,3254399799,0.0,86
130e47fa-adc9-308c-9894-f65abba62c00,EZ HEALTHCARE OF BOSTON GROUP  INC,85 ALEXANDER ST,ROXBURY,MA,021193740,42.315876758330134,-71.07029168561671,6179473311,0.0,14
18d2c9c2-4b92-3664-9b8e-419aff3ce942,ALLIANCE HEALTH AT BRAINTREE,175 GROVE STREET,BRAINTREE,MA,021847253,42.19127375,-70.99279579751581,7818482050,0.0,16
121b0ad1-1beb-3caa-9271-3d3f726bb727,PATRIOT URGENT CARE PROFESSIONALS PC,1030 MAIN STREET,WALTHAM,MA,024517447,42.375828,-71.2527956,7818946900,0.0,11
db60692f-cbef-315b-9fce-38a7f015c482,SOUTH SHORE PRIMARY CARE PC,72 SHARPE STREET,SCITUATE,MA,020664534,42.1939754,-70.7697128,7813312010,0.0,49
67cade01-dcfe-37b7-8e2c-b712d9e6fbba,RUTLAND FAMILY HEALTH CENTER,694 MAIN ST,HOLDEN,MA,015201862,42.3406819,-71.8390289,5088866500,0.0,96
b954c464-11ea-312b-a3f8-1350775bfa54,CHELSEA JEWISH HOSPICE AND PALLIATIVE CARE,123 CAPTAIN'S ROW,CHELSEA,MA,021504019,42.3917638,-71.0328284,6178890779,0.0,12
4d3ec6c2-f6aa-3d7b-adcc-e7107dac8530,LIFE CARE CENTER OF AUBURN,14 MASONIC CIRCLE,AUBURN,MA,015011341,42.181923125,-71.86839612499999,5088324800,0.0,2
95f6c328-96dd-3fb8-a56e-9aad566094b4,EXCEL HOME CARE SERVICES INC,4 STONY HILL ROAD,WILBRAHAM,MA,010951027,42.1552861,-72.48384800788648,4135832005,0.0,32
6d16a8e3-3569-38ab-afac-a2f8c1125085,BROOKHAVEN AT LEXINGTON,1010 WALTHAM STREET,LEXINGTON,MA,024218052,42.4139392,-71.22929265883278,7818639660,0.0,15
91808f17-7583-32a3-aa55-23b131b327c7,SOUTH SHORE CENTER FOR WELLNESS LTD,200 CORDWAINER DR,NORWELL,MA,020611671,42.16352995,-70.8846291501739,7818788340,0.0,108
02d7b144-352f-3eac-97db-6fc4a95bf1fa,LASELL HOUSE,120 SEMINARY AVENUE,AUBURNDALE,MA,024662650,42.34002614299451,-71.24911543639162,6176637000,0.0,9
b636c344-0fda-3eea-96cf-1190f8d1d8fc,COMMUNITY HEALTH PROGRAMS INC,780 MAIN STREET,GREAT BARRINGTON,MA,012302148,42.17823835,-73.36310566431717,4135281470,0.0,42
c709c5eb-ddd7-3778-84f7-0931a4d1c718,HEBREW SENIORLIFE AFFILIATED MEDICAL GROUP INC,1200 CENTRE ST,ROSLINDALE,MA,021311000,42.29768,-71.130463,6179715766,0.0,36
c05d73d0-b348-32ce-9fe5-13a720950f37,URGENT HELP CHELMSFORD PC,45 DRUM HILL RD,CHELMSFORD,MA,018241503,42.6255635,-71.3615131,9784467515,0.0,5
c0cc8f8d-a479-3f83-9e1f-1fd556b944ef,FAMILY DOCTORS  LLC,250 PARADISE RD,SWAMPSCOTT,MA,01907,42.47638005,-70.91253402512964,7815962000,0.0,74
0592d4e5-a0fb-3143-83cd-8e5a6b066a96,SOUTH SHORE PRIMARY AND URGENT CARE LLC,20 EAST ST,HANOVER,MA,023391638,42.1278249,-70.82664947485381,7815610460,0.0,15
6b9c5830-a278-38ff-887f-ccefd74cf8e8,SOUTHEAST HEALTH CARE CENTER,184 LINCOLN STREET,NORTH EASTON,MA,023561799,42.06665855,-71.11947646404934,5082387053,0.0,6
7b5bf0fc-c5c0-3f22-980b-fdfff326a9b4,WOONSOCKET URGENT CARE PC,40 CUMBERLAND AVE,NORTH ATTLEBORO,MA,027604445,41.9316677,-71.35407469790115,7812550500,0.0,8
ba07b31b-bf14-39b8-be95-4c5ca5062daa,SPAULDING HOSPITAL FOR CONTINUING MED CARE-CAMB,1575 CAMBRIDGE ST,CAMBRIDGE,MA,021384308,42.375209549999994,-71.10711344152975,6178764344,0.0,741
064ba8c8-f6f7-3582-8f41-c963ceedfee4,BROCKTON VISITING NURSE ASSOCIATION,500 BELMONT STREET,BROCKTON,MA,023014985,42.07465845,-71.03975419622803,5088945256,0.0,1
6aae7a31-90df-3455-ad8d-81f8cf2d21e8,BROCKTON HOSPITAL  INC.,680 CENTRE ST,BROCKTON,MA,023023308,42.0872752,-70.9910738855076,5089417000,0.0,486
