Id,BIRTHDATE,DEATHDATE,SSN,DRIVERS,PASSPORT,PREFIX,FIRST,MIDDLE,LAST,SUFFIX,MAIDEN,MARITAL,RACE,ETHNICITY,GENDER,BIRTHPLACE,ADDRESS,CITY,STATE,COUNTY,FIPS,ZIP,LAT,LON,HEALTHCARE_EXPENSES,HEALTHCARE_COVERAGE,INCOME
d6a328aa-a319-9277-2ea9-27ecbdad29e3,2013-11-18,,999-10-5491,,,,Shery223,Olga567,Hammes673,,,,white,nonhispanic,F,Randolph  Massachusetts  US,532 Lockman Parade,Westport,Massachusetts,Bristol County,,00000,41.570550060463496,-71.05114733888493,20005.20,1632.20,68379
82db0526-da07-ed7a-3ff5-bb17c35de8ea,2006-10-28,,999-27-9451,S99920583,,Ms.,Wai719,Domitila545,Bode78,,,,white,nonhispanic,F,Malden  Massachusetts  US,484 Jacobson Track Apt 79,Duxbury,Massachusetts,Plymouth County,25023,02332,42.02363604531278,-70.72517041836795,44749.58,2770.07,124099
7dcc4e71-3faa-0b8f-9257-25eba37dc32d,2012-10-10,,999-95-5258,,,,Sage164,Yvette315,Schuppe920,,,,white,nonhispanic,F,Teaticket  Massachusetts  US,738 Williamson Center,Swansea,Massachusetts,Bristol County,,00000,41.758832184918994,-71.16419639144748,41315.53,1510.70,67788
17bb62eb-62ed-56b2-92f3-a995cb365eb2,2020-01-19,,999-35-8850,,,,Susie661,Ruby458,Simonis280,,,,white,nonhispanic,F,Everett  Massachusetts  US,901 Yost Glen,Lowell,Massachusetts,Middlesex County,25017,01854,42.631072301075044,-71.35553354782157,800.00,15118.21,24169
d4eb1c66-2293-ee4c-c50e-4a20b3c71406,2002-08-30,,999-15-3452,S99981679,X12505339X,Ms.,Gisela897,Kelsie51,Leffler128,,,,white,nonhispanic,F,Chelmsford  Massachusetts  US,168 Smitham Gateway Unit 64,Westhampton,Massachusetts,Hampshire County,,00000,42.266575220487134,-72.82369874385233,94664.33,413059.61,55798
d010cebc-bfcf-7b46-915f-253c0897dace,1965-09-13,1985-08-27,999-69-8604,S99993661,,Ms.,Barbie211,,Doyle959,,,,white,nonhispanic,F,Boston  Massachusetts  US,687 Lockman Mission Suite 95,Granby,Massachusetts,Hampshire County,25015,01033,42.220887325424314,-72.50159833779945,16208.76,335768.53,151387
5abb47ae-97b1-d42e-f7d9-9aeb5369f437,1990-05-26,,999-17-2702,S99924135,X33211480X,Mr.,Blair400,Ahmad985,Zboncak558,,,M,black,nonhispanic,M,Hamilton  Massachusetts  US,501 Pollich Club Unit 46,Cambridge,Massachusetts,Middlesex County,25017,02140,42.32611407934022,-71.11151428409124,76142.15,7975.49,428851
05b7e5be-de73-f17e-4062-904498891f3d,1977-09-22,2013-12-27,999-80-2406,S99926165,X88102970X,Mr.,Burt293,Theron432,Witting912,,,M,white,nonhispanic,M,Somerville  Massachusetts  US,968 Leuschke Wall,New Bedford,Massachusetts,Bristol County,25005,02748,41.6124004513116,-70.96830565468967,303627.74,275140.11,37725
bc655780-d180-8e89-10ce-acf0f76864bc,1977-03-04,,999-53-7609,S99942573,X83906120X,Mrs.,Tish18,Hermine424,Blick895,,Reynolds644,M,white,nonhispanic,F,Springfield  Massachusetts  US,834 Walker Harbor,Pinehurst,Massachusetts,Middlesex County,25017,01866,42.48816984871211,-71.26160600372629,916905.92,625714.06,92553
46057deb-59ac-5640-1603-c1073a785e41,1966-09-30,,999-87-6179,S99939656,X18403766X,Mr.,Raymond398,Ashley34,Cole117,,,M,white,nonhispanic,M,Worcester  Massachusetts  US,909 Witting Route,Norwell,Massachusetts,Plymouth County,,00000,42.185370547528464,-70.80135725348006,149793.33,18890.76,554410
17b7f4d8-fa72-c4e8-0eeb-debe0114ad4b,1980-05-19,,999-20-5473,S99939875,X55837738X,Ms.,Shenika151,Elvera717,Pfannerstill264,,,S,white,nonhispanic,F,Melrose  Massachusetts  US,226 Rau Tunnel,Andover,Massachusetts,Essex County,25009,01810,42.637897910271256,-71.18086651697475,264860.63,417099.38,130923
f31c7028-5a97-6668-fb3a-9d8ec83b56a2,1995-07-23,,999-58-5232,S99955323,X51352521X,Mrs.,Marcell728,Ladawn167,Quitzon246,,Kovacek682,M,white,nonhispanic,F,Lowell  Massachusetts  US,505 Wilkinson Flat,Burlington,Massachusetts,Middlesex County,25017,01803,42.45611535877206,-71.23968112262345,56621.08,792274.88,25680
468cc0ea-f014-7cf2-7969-105b80da1fe1,1962-09-04,2024-10-28,999-87-5768,S99926826,X58293722X,Mr.,Eddy900,Chester802,Welch179,,,D,white,nonhispanic,M,Dudley  Massachusetts  US,1063 Nikolaus Trail Unit 61,Boston,Massachusetts,Suffolk County,25025,02151,42.3965205135215,-71.0582109969041,222582.90,29299.48,66169
4c9a38ba-1b90-08ea-0348-09f092bf8e22,1977-08-04,,999-58-3455,S99925522,X88252703X,Mrs.,Willie882,Peggy868,Franecki195,,Halvorson124,M,white,nonhispanic,F,Newton  Massachusetts  US,343 Morissette Corner,Shrewsbury,Massachusetts,Worcester County,,00000,42.23592398766612,-71.7213966992035,395365.88,1535304.65,882353
af335136-3948-4cf9-ac0d-00eca37a5b5f,1958-11-13,,999-75-8009,S99947833,X49145091X,Mr.,Andres25,Ed239,Sipes176,,,M,white,nonhispanic,M,Hudson  Massachusetts  US,837 Franecki Viaduct Unit 82,Worcester,Massachusetts,Worcester County,25027,01610,42.29419972522605,-71.73463807737924,224066.02,38389.92,55379
feeb1b1d-ec6b-cf5d-085e-d02e155289b8,1973-10-02,,999-10-7072,S99959783,X78037078X,Mr.,Cary869,Mason910,Reilly981,,,D,white,nonhispanic,M,Quincy  Massachusetts  US,757 Reilly Walk Unit 15,Springfield,Massachusetts,Hampden County,25013,01108,42.07317595666928,-72.46942583580312,361403.07,0.00,80867
1cc2931c-398e-5a75-6c92-9f75362371dc,1963-04-10,,999-93-9304,S99977329,X43941516X,Mr.,Rocky100,Marlon619,Corwin846,,,D,white,nonhispanic,M,Adams  Massachusetts  US,783 Rath Trafficway Suite 79,Natick,Massachusetts,Middlesex County,,00000,42.2990337737637,-71.33821444968447,168463.54,40082.20,131690
baff594d-6970-6db6-0f64-c28006346063,1967-03-25,,999-47-3395,S99965526,X43119521X,Mr.,Newton741,Dino214,Bartoletti50,,,M,asian,nonhispanic,M,Beijing  Beijing Municipality  CN,639 Kling Manor,Mansfield Center,Massachusetts,Bristol County,,00000,42.04599563257162,-71.23426958260129,210750.49,34186.89,101997
8fdd0585-8411-4278-e978-da29997b8658,1977-09-22,,999-89-1692,S99979452,X9908676X,Mr.,Tony646,Andre610,Zemlak964,,,S,white,nonhispanic,M,Duxbury  Massachusetts  US,179 Sauer Extension,New Bedford,Massachusetts,Bristol County,25005,02747,41.671732194754256,-70.96796008045854,60341.34,140303.54,37725
c14702e9-044c-2aba-c4bb-c64ba7c7e020,1946-05-17,,999-81-7979,S99911463,X32647426X,Ms.,Antonia30,Pilar644,Segovia340,,,S,white,hispanic,F,Kingston  Kingston  JM,205 McKenzie Boulevard,South Dennis,Massachusetts,Barnstable County,25001,02660,41.71278495710947,-70.1314049795375,522349.97,1267668.78,52773
6527332f-1a57-d3f4-9855-4786f6c07ebc,1965-09-13,,999-56-1857,S99981716,X16532062X,Mrs.,Rufina863,Domenica436,Casper496,,Koch169,D,white,nonhispanic,F,Reading  Massachusetts  US,1071 Schumm Path Unit 91,Granby,Massachusetts,Hampshire County,25015,01033,42.26923796423526,-72.48913711101395,359126.95,710090.87,151387
f0984ea7-3ae5-586c-e156-4cdb2092e258,1991-09-23,,999-65-6306,S99911249,X3189611X,Mrs.,Sade71,Trudy596,Fritsch593,,Yundt842,M,white,nonhispanic,F,Abington  Massachusetts  US,624 Dach Lodge,Hanover,Massachusetts,Plymouth County,,00000,42.10432710118316,-70.88603158824898,152961.94,146048.59,79690
7ea7e50d-0705-3198-c90a-17b6354014b4,1957-05-05,,999-97-2194,S99922885,X77753265X,Mrs.,Tamra871,Chanell45,Hodkiewicz467,,Schmitt836,M,white,nonhispanic,F,Springfield  Massachusetts  US,389 Kemmer Camp Suite 78,Easton,Massachusetts,Bristol County,,00000,42.03957654076804,-71.13064537933414,312988.28,534628.28,145722
d17fc9e8-0eeb-0594-00cb-4bdb2caf1b17,1946-09-19,,999-17-9131,S99950983,X88696671X,Mrs.,Arlene209,Nona876,Reichert620,,Rutherford999,M,white,nonhispanic,F,Stoughton  Massachusetts  US,389 Runte Vale,Waltham,Massachusetts,Middlesex County,25017,02451,42.35556268946837,-71.27303658328265,215369.68,844416.49,23656
a2138018-f4ce-f725-62eb-4f5f47bbd032,1958-08-17,2014-07-03,999-32-9559,S99966455,X18574242X,Mr.,Harland508,Wally311,Morar593,,,M,white,nonhispanic,M,Methuen  Massachusetts  US,1047 Larson Tunnel Unit 6,Falmouth,Massachusetts,Barnstable County,25001,02540,41.5814949392829,-70.56974240730705,211193.24,65201.86,48112
34c8e2a4-fb73-3def-c1bc-ca3bcc6e1445,1987-05-24,,999-91-7233,S99987417,X61235108X,Mr.,Francesco636,Hubert238,Monahan736,,,D,white,hispanic,M,Plainville  Massachusetts  US,644 Wintheiser Trailer Suite 85,Springfield,Massachusetts,Hampden County,25013,01199,42.09594303567066,-72.5888783988613,123372.53,24614.02,35841
61e94b10-328c-d4e8-0a31-ca8c8a341670,1998-12-16,,999-34-3309,S99932254,X7202347X,Ms.,Kaleigh347,Bee658,Mayer370,,,,white,nonhispanic,F,Greenfield  Massachusetts  US,517 Hane Rest,Boston,Massachusetts,Suffolk County,25025,02130,42.3997114261992,-70.92497601045453,164859.62,173134.89,120332
ea86267d-2e14-f6bd-5e71-39cffe706487,1946-06-22,,999-90-6355,S99970568,X16622650X,Mr.,Timoteo39,Daniel959,Ayala238,,,S,white,hispanic,M,Guatemala City  Guatemala  GT,330 Hintz Arcade,Peabody,Massachusetts,Essex County,25009,01940,42.49320873364096,-70.92101233564149,205976.04,1089300.23,53788
3e83e6c4-b286-c729-9e00-eec8ffd9ac1a,2019-09-07,,999-35-7208,,,,Carie544,Suzie388,Gerlach374,,,,black,nonhispanic,F,North Westport  Massachusetts  US,821 Ullrich Extension,Taunton,Massachusetts,Bristol County,25005,02767,41.878009186763556,-71.07070433035096,13346.30,1804.42,55554
9c95f2d1-1be3-6ec4-3b57-bf4578ecbddd,1985-02-21,,999-43-8726,S99944797,X69335475X,Mr.,Bryant814,Zane918,Heaney114,,,S,white,nonhispanic,M,Worcester  Massachusetts  US,651 Beatty Path Apt 61,Mansfield,Massachusetts,Bristol County,,00000,41.99629796030194,-71.19708630790991,112962.63,95789.06,140125
f458574b-0d12-a938-da9f-61d63cecb09d,2010-04-15,,999-71-2249,S99953830,,,Gearldine455,Dorine689,Sawayn19,,,,white,nonhispanic,F,Wakefield  Massachusetts  US,701 Schulist Throughway Apt 89,Natick,Massachusetts,Middlesex County,,00000,42.28915274113797,-71.38578609368903,86605.41,127733.46,130640
2c7af6cb-65c8-5de2-d4bc-f8fd45a38396,1985-01-28,,999-88-3657,S99954339,X84017006X,Mrs.,Gaylene599,Fran41,Cartwright189,,Will178,D,white,nonhispanic,F,Lawrence  Massachusetts  US,856 Weissnat Row Suite 52,Springfield,Massachusetts,Hampden County,25013,01108,42.15515026022766,-72.51572213948252,18240.56,913053.31,14792
af3c1204-22a1-f6bf-1147-8a7ab2b1103d,2009-01-23,,999-40-5791,S99992312,,,Max124,Ivory697,McClure239,,,,black,nonhispanic,M,Pelham  Massachusetts  US,712 Kshlerin Promenade Apt 86,Oxford,Massachusetts,Worcester County,25027,01540,42.12450269161762,-71.90216586723957,56507.71,71991.11,57850
d8bd0eaf-6ce1-cade-d956-898be0e341e1,1984-07-04,,999-40-7959,S99911892,X89008550X,Mrs.,Elvira561,Le457,Hilpert278,,Goodwin327,M,white,nonhispanic,F,Chicopee  Massachusetts  US,957 Wilderman Terrace Apt 92,Avon,Massachusetts,Norfolk County,,00000,42.092696229907546,-71.09713376859264,187375.71,149194.39,128844
3c8dacc7-73e3-78cf-aa85-5242d5857e33,1957-07-29,,999-15-8495,S99940073,X10173258X,Mr.,Zachary28,Johnny786,Deckow585,,,M,black,nonhispanic,M,West Dennis  Massachusetts  US,283 Hirthe Parade Suite 26,Weymouth,Massachusetts,Norfolk County,25021,02191,42.21152457928853,-70.99520013172312,333611.79,618954.91,33988
5a8bdcd9-2afb-6598-75bd-bbe781bbd332,2018-04-05,,999-36-1628,,,,Conrad619,Hector463,Hayes766,,,,white,nonhispanic,M,Waltham  Massachusetts  US,283 Kunze Center,Amherst,Massachusetts,Hampshire County,,00000,42.347084232657636,-72.5049112115687,20496.81,0.00,81231
1e71e7fa-2615-8e2f-350e-a3d436ae14c5,1977-01-13,,999-63-9051,S99955523,X78209341X,Mrs.,Alix578,Twyla619,Kuhn96,,Wiegand701,D,white,nonhispanic,F,Townsend  Massachusetts  US,709 Kshlerin Skyway,Attleboro,Massachusetts,Bristol County,25005,02703,41.9276428274156,-71.326042886354,843497.78,153661.36,71431
9a42b88d-8834-708c-902f-684637f65d26,1962-09-04,,999-20-6093,S99961884,X88974555X,Mr.,Rashad361,,Paucek755,,,M,white,nonhispanic,M,Holyoke  Massachusetts  US,1091 Wolff Promenade Unit 70,Boston,Massachusetts,Suffolk County,25025,02151,42.33898516554487,-71.03289034783353,221246.90,0.00,66169
3c68f0c1-b29c-d2ce-c9a1-4910c4e6a1c9,1975-02-09,,999-91-1681,S99983203,X32783438X,Mrs.,Clara183,Victoria535,Carrion142,,Valencia279,D,black,hispanic,F,Havana  Havana  CU,431 Feil Trace Unit 6,Pembroke,Massachusetts,Plymouth County,,00000,42.02712139239959,-70.77620513339342,424170.00,1035612.58,136690
696bc6b3-a191-6fc9-86c2-ebf562d5ec9f,2026-01-02,,999-72-2450,,,,Dionna991,Elease461,Tromp100,,,,white,nonhispanic,F,Boston  Massachusetts  US,835 Fisher Ferry,Chicopee,Massachusetts,Hampden County,25013,01022,42.181124996613065,-72.59154615302164,3116.58,0.00,69707
8f278e41-c1df-a37e-bb93-630c661a6efa,1988-04-28,,999-89-4983,S99965968,X81972411X,Mrs.,Letty680,Vanessa263,Hand679,,Shields502,M,white,nonhispanic,F,Billerica  Massachusetts  US,688 Gulgowski Viaduct Suite 75,Wilmington,Massachusetts,Middlesex County,25017,01887,42.58545846714284,-71.1447072384674,741378.53,113996.28,104045
0d448474-1361-a64d-e459-0b70b607ad06,2021-08-03,,999-86-7787,,,,Greg949,Terry864,Jacobs452,,,,white,hispanic,M,West Newbury  Massachusetts  US,409 Weissnat Knoll,Springfield,Massachusetts,Hampden County,25013,01103,42.025722903158965,-72.61884869930321,750.00,12330.35,12274
5dd9b635-c437-7179-d047-f913b71c850a,2023-01-23,,999-32-1196,,,,Annabelle638,,Gottlieb798,,,,white,nonhispanic,F,Peabody  Massachusetts  US,538 Satterfield Vale Apt 47,Boston,Massachusetts,Suffolk County,25025,02130,42.35374305610953,-71.0996981226321,550.00,7273.70,9928
763ee5ed-5b46-faff-4c8b-cf75e1598698,2012-04-27,,999-98-4741,,,,Celinda332,,Heathcote539,,,,white,nonhispanic,F,Montague  Massachusetts  US,832 Wisozk Track,Westminster,Massachusetts,Worcester County,,00000,42.52345119858753,-71.85615568372158,2705.09,38231.40,2774
91e47a49-eb27-8531-c502-2e72f364f2ab,2007-08-06,,999-38-9945,S99996742,,Ms.,Laurice873,,Kessler503,,,,white,nonhispanic,F,Lisbon  Estremadura  PT,502 Lowe Extension,North Andover,Massachusetts,Essex County,,00000,42.700940071411054,-71.04655167187309,66498.57,113137.62,350316
477c0826-4945-c063-9601-bf9a0ab4633e,1999-07-26,,999-79-9849,S99911323,X48761266X,Ms.,Clementine778,Temika453,Reichel38,,,,white,hispanic,F,Shrewsbury  Massachusetts  US,656 Johns Rest,Brookline,Massachusetts,Norfolk County,25017,02467,42.31277452768567,-71.1609110934104,99448.52,235384.43,70436
c565e2a3-08ce-0c24-a9d1-f336251a1ce4,2012-06-21,,999-16-5342,,,,Gerardo48,Mose244,Jast432,,,,white,nonhispanic,M,Worcester  Massachusetts  US,559 Kling Landing,Taunton,Massachusetts,Bristol County,25005,02718,41.93599235953367,-71.11289641991037,2245.86,25924.78,19012
fe42b08b-ccf9-e476-fdad-b5f387346f86,1977-02-17,,999-14-7792,S99971319,X49047498X,Mr.,Willian804,,Abbott774,,,M,white,nonhispanic,M,Raynham  Massachusetts  US,275 Hermann Harbor Unit 36,Somerville,Massachusetts,Middlesex County,25017,02144,42.42139218251057,-71.15656917993695,86102.53,58469.31,318926
b9181cb7-f43a-b6a7-8f43-e7c74b5dbabc,1983-01-05,,999-88-3777,S99982583,X70447564X,Mr.,Chuck784,Jeff859,Rutherford999,,,M,black,nonhispanic,M,Worcester  Massachusetts  US,193 Vandervort Plaza Apt 25,Hanover,Massachusetts,Plymouth County,,00000,42.13081286351158,-70.88475219154788,118692.81,14552.96,133268
9143f22d-f19d-664d-b36c-15ba3d67ddb6,2004-12-24,,999-56-2804,S99989529,X64819682X,Ms.,Janiece99,Willa615,Conn188,,,,white,nonhispanic,F,Mansfield Center  Massachusetts  US,691 Grady Park Unit 97,Springfield,Massachusetts,Hampden County,25013,01128,42.134295950840446,-72.52176130566268,46647.67,20373.40,35727
e59379b4-6790-2058-bf9e-f5c55a7c5f67,1989-02-05,,999-13-4089,S99929283,X17331477X,Mrs.,Elvera717,Ginny287,Tromp100,,Nader710,M,white,nonhispanic,F,Boston  Massachusetts  US,732 Bergstrom Burg Suite 32,Beverly,Massachusetts,Essex County,25009,01915,42.557422453041184,-70.82591370885434,9532.03,447890.36,15866
0541a381-c003-f3e1-e595-959e588f0dc7,1968-02-26,,999-10-8549,S99966753,X42240477X,Mr.,Gregorio366,Octavio643,Gallardo890,,,M,white,hispanic,M,Tegucigalpa  Francisco Morazán  HN,508 Green Viaduct,Attleboro,Massachusetts,Bristol County,25005,02703,41.91618722458272,-71.38802740827323,497483.25,463511.05,57777
8066dd68-2f09-ad48-bc12-a3ca0589abec,1971-03-09,,999-19-9031,S99974472,X39001045X,Mr.,Peter292,,Runolfsson901,,,M,white,nonhispanic,M,Natick  Massachusetts  US,1060 Reinger Bypass,Easton,Massachusetts,Bristol County,,00000,42.05782618056589,-71.05983533637709,92101.31,152317.47,196467
351a3845-e631-0166-ed0d-1439a017aa7c,1971-03-26,,999-35-5983,S99942974,X20022538X,Mr.,Benny518,Kent912,McCullough561,,,M,white,nonhispanic,M,Middleborough  Massachusetts  US,440 Eichmann Boulevard,East Dennis,Massachusetts,Barnstable County,25001,02641,41.76976997241798,-70.1373192531072,11041.87,225961.00,13041
a797b72b-a50c-937f-641f-b3f4f5092ae7,1963-03-09,,999-17-6693,S99990532,X13993542X,Mr.,Cletus494,,Abbott774,,,M,white,hispanic,M,Fall River  Massachusetts  US,699 Bode Gardens Suite 50,Worcester,Massachusetts,Worcester County,25027,01606,42.380749831897155,-71.7874179181828,88552.12,106105.16,182237
25d7d664-7f9c-a8eb-68f4-664802112d7e,1975-06-22,,999-10-3345,S99995542,X48822311X,Mrs.,Ruthe70,Ethelyn789,Towne435,,Hirthe744,M,white,nonhispanic,F,Amherst  Massachusetts  US,436 Marquardt Camp Unit 96,Somerville,Massachusetts,Middlesex County,25017,02144,42.361383604574584,-71.06284277196342,495957.88,512728.01,54968
2637d21d-91f4-d7d5-a451-52aea8057629,1958-08-17,,999-70-9225,S99969935,X72057953X,Mr.,Zack583,Emmitt44,Bailey598,,,M,white,nonhispanic,M,New Bedford  Massachusetts  US,1006 Streich Viaduct Apt 21,Falmouth,Massachusetts,Barnstable County,25001,02540,41.56452282803638,-70.59919401549249,200125.11,51165.60,48112
2ae523f1-9363-07bd-f8b9-9bde91362f66,1978-12-09,,999-26-5959,S99996761,X22721506X,Ms.,Audrey678,China583,Beier427,,,S,white,nonhispanic,F,Westfield  Massachusetts  US,837 Leffler Avenue,Randolph,Massachusetts,Norfolk County,25021,02368,42.17644631360261,-71.01370698504199,12614.43,754462.45,20332
0b3a3fa9-4aa5-6dc2-1e1b-022ef99c83bc,1972-04-19,,999-50-5637,S99918659,X85021795X,Mr.,Dave764,Rolf983,Schinner682,,,M,white,nonhispanic,M,Tyngsborough  Massachusetts  US,1019 Schumm Byway Suite 38,Walpole,Massachusetts,Norfolk County,25021,02081,42.16895377830294,-71.28220528567,43499.40,139226.56,746989
481942d9-ad91-7324-90cb-3a9294744e2f,1965-06-04,,999-36-2113,S99970083,X56381125X,Mr.,Christoper325,Gil594,Runte676,,,M,white,nonhispanic,M,Peabody  Massachusetts  US,931 Durgan Port Unit 7,Brockton,Massachusetts,Plymouth County,25023,02301,42.03414573834297,-71.03621778540784,168120.88,48341.67,29571
112977f2-8ad2-fac4-cb95-b033bb705e07,2015-01-05,,999-58-4929,,,,Odelia236,Albertine688,Dickinson688,,,,white,nonhispanic,F,Norwood  Massachusetts  US,226 Bechtelar Club,Walpole,Massachusetts,Norfolk County,25021,02081,42.12556108347518,-71.29688906209171,25327.94,7791.15,54459
f31f541f-e666-7f8b-bb86-b54f29e8f3c5,2013-01-25,,999-81-2001,,,,Zena758,,Barrows492,,,,asian,nonhispanic,F,Tewksbury  Massachusetts  US,162 Kreiger Throughway,Malden,Massachusetts,Middlesex County,25017,02148,42.4603876570582,-71.06799774152044,20269.24,17179.28,536795
fa7c04cf-ec70-58de-1b2a-342414b773fc,2013-11-10,,999-20-4925,,,,Frederick289,Larry532,Blick895,,,,white,nonhispanic,M,Boston  Massachusetts  US,377 Altenwerth Gate,West Falmouth,Massachusetts,Barnstable County,25001,02574,41.57743829664156,-70.6118684647057,22881.97,3299.20,40985
d4e085a0-45a4-b797-d153-950c1fc5a405,2012-12-05,,999-19-3480,,,,Colton403,Kurtis994,Howe413,,,,white,nonhispanic,M,Plymouth  Massachusetts  US,653 Roob Neck,South Yarmouth,Massachusetts,Barnstable County,25001,02664,41.66089201348751,-70.16874316502417,23466.57,23600.40,71940
441b97ba-d68a-af88-37fd-3ba6b2498399,1961-02-07,1993-10-01,999-13-5679,S99984968,X9151102X,Ms.,Roma9,Kristyn560,Sawayn19,,,S,asian,nonhispanic,F,Tewksbury  Massachusetts  US,435 Cummerata Grove Apt 99,Ware,Massachusetts,Hampshire County,25015,01082,42.30387033876304,-72.32573080895298,82609.83,284481.52,25208
2e704848-e741-a5a9-1490-4ec35e9e0dfc,1989-12-10,,999-63-1675,S99975630,X16205821X,Mr.,Jamel269,Neil122,Hahn503,JD,,S,other,nonhispanic,M,Brockton  Massachusetts  US,556 Kertzmann Walk Suite 2,Boston,Massachusetts,Suffolk County,25025,02109,42.39869677907374,-71.06535368916597,39653.90,39009.53,895495
b5dfae79-d8d8-de4e-3e8f-f5db679f1725,1986-03-20,,999-55-6460,S99945991,X47112356X,Mrs.,Britteny287,Olive251,Stark857,,Schaden604,M,white,nonhispanic,F,Ludlow  Massachusetts  US,155 Berge Common Unit 28,Brockton,Massachusetts,Plymouth County,25023,02302,42.117088754149194,-70.93617046949447,12271.25,833583.99,12221
c8fde687-23b0-73f6-d983-b4cd5c2be411,2006-10-23,,999-59-5973,S99951020,,Mr.,Adan632,Gustavo235,Armstrong51,,,,white,nonhispanic,M,Woburn  Massachusetts  US,229 Casper Byway Suite 52,Arlington,Massachusetts,Middlesex County,25017,02474,42.4473562656661,-71.12340397900124,75478.23,64057.80,31604
5c2a5837-bd10-cd69-c8c1-57d14ab3d8fa,1996-08-26,,999-53-8231,S99959763,X70898947X,Mr.,Armando772,,Negrete68,,,M,black,nonhispanic,M,San Jose  San Jose  CR,662 Schmitt Common,Shrewsbury,Massachusetts,Worcester County,,00000,42.31232458661794,-71.70267441117036,81312.32,9582.27,174428
6f4be85a-fdb1-2693-11b2-bee743434333,1992-09-22,,999-60-2509,S99935842,X73754652X,Mr.,Darren774,Denis399,Koepp521,MD,,M,white,nonhispanic,M,Sao Paulo  Sao Paulo  BR,523 Jenkins Run,Middleborough Center,Massachusetts,Plymouth County,,00000,41.89834440355292,-70.90790254133395,87337.89,43011.58,95653
e1bdf381-c217-5126-285e-4f3234821b65,1956-08-12,,999-70-3826,S99960095,X48455150X,Ms.,Kelsie51,,Orn563,PhD,,S,white,nonhispanic,F,Belchertown  Massachusetts  US,483 Jaskolski Mews,Boston,Massachusetts,Suffolk County,25025,02113,42.29592415507284,-71.02823112759116,18734.12,1225915.93,4594
0c83ca58-34af-ce99-3979-ea4a97764763,1983-10-10,,999-19-7861,S99911520,X22342790X,Mrs.,Christel364,Elvira561,Maggio310,,Kautzer186,M,white,nonhispanic,F,Boston  Massachusetts  US,1047 Gibson Lane Unit 17,Amherst,Massachusetts,Hampshire County,,00000,42.33788896628772,-72.48630954619897,347960.66,679728.68,118567
f38360fd-29b2-848e-2c74-9febdd0edcf4,1987-06-18,,999-46-1789,S99962958,X11258274X,Mrs.,Juliane376,Vannessa721,Okuneva707,,Lindgren255,M,white,nonhispanic,F,Plymouth  Massachusetts  US,934 Cole Crossing Unit 93,Quincy,Massachusetts,Norfolk County,25021,02186,42.29046568782642,-71.02525797528018,14989.77,1360925.79,24154
48401341-0305-750c-d74c-603564bd408e,2013-09-13,,999-53-2632,,,,Benedict104,,Hettinger594,,,,white,hispanic,M,Lexington  Massachusetts  US,216 Bartoletti Track,Newbury,Massachusetts,Essex County,,00000,42.75416323618698,-70.85142181571041,59276.78,120447.24,843090
e714efa3-4b54-03b9-9dc5-c97801411363,1955-10-20,2001-12-17,999-66-6755,S99988920,X10779985X,Mr.,Moshe758,Davis923,Brown30,,,M,white,hispanic,M,Clinton  Massachusetts  US,165 Veum Promenade Unit 80,Beverly,Massachusetts,Essex County,25009,01915,42.56956032205188,-70.82727320340658,68110.75,0.00,122230
c2ce6920-e71d-b9af-9b3b-6396f9fb2153,1975-08-08,,999-43-9224,S99918426,X37056694X,Mr.,Hershel911,Adolfo777,Collins926,,,M,white,nonhispanic,M,Plymouth  Massachusetts  US,490 Greenfelder Burg Suite 47,Brockton,Massachusetts,Plymouth County,25023,02351,42.08444527720434,-71.05533571579245,11179.78,120902.45,19762
37dfee9e-5b84-dc70-c229-6d581727d065,1951-01-09,,999-82-4378,S99946750,X71580384X,Mr.,Clifford177,Lucien408,Ankunding277,,,D,white,nonhispanic,M,Brockton  Massachusetts  US,695 Wyman Harbor,Brockton,Massachusetts,Plymouth County,25023,02302,42.102634154666966,-70.9872286835717,221527.50,134231.52,65643
3504bdb7-cce3-e59d-2d61-9579e4f68e75,1972-03-21,,999-84-2582,S99918278,X13773605X,Mrs.,Herminia75,Danae973,Bruen238,,Feeney44,M,white,nonhispanic,F,Danvers  Massachusetts  US,549 Johnson Heights Apt 67,Chelmsford,Massachusetts,Middlesex County,,00000,42.62058962590795,-71.34738165912498,616526.73,152361.44,36591
ece59d58-67ef-6361-b94e-30a397428a49,1968-09-30,,999-58-7478,S99936697,X38339283X,Mr.,Modesto621,Edison640,Kozey370,,,M,black,nonhispanic,M,Boston  Massachusetts  US,412 Zulauf Lodge,Stoughton,Massachusetts,Norfolk County,,00000,42.121079001066946,-71.11165713682601,184080.13,0.00,66835
42e2c51c-569e-4309-d3c8-aacdc7c1dc15,1972-09-19,,999-15-6371,S99996957,X3743575X,Mrs.,Caren429,Shirley182,Reynolds644,,Walsh511,M,black,hispanic,F,Essex  Massachusetts  US,673 Nolan Promenade Unit 24,Holden,Massachusetts,Worcester County,,00000,42.34774952313651,-71.8282250535245,560487.09,354904.39,64047
8c5d1a47-01b8-03c9-9d4d-6f9e91cf5f98,1961-02-07,2009-11-30,999-96-7682,S99926164,X84500713X,Mrs.,Delmy607,Monique148,Kuvalis369,,Batz141,D,asian,nonhispanic,F,Needham  Massachusetts  US,605 Kshlerin Village Apt 15,Ware,Massachusetts,Hampshire County,25015,01082,42.2569602989602,-72.24375798143458,154626.91,1226726.08,25208
4da0ffb7-69f4-ef5a-3ea0-379546922901,1994-03-17,,999-92-8149,S99963130,X20112922X,Mrs.,Nathalie366,Sharri659,Koelpin146,,Bosco882,M,white,nonhispanic,F,Westford  Massachusetts  US,432 Hudson Port,Auburn,Massachusetts,Worcester County,,00000,42.2350172619501,-71.87228717881212,177379.74,202537.31,126222
b26ca382-6315-eeeb-7ac9-4f88bc246aca,2008-06-24,,999-75-8195,S99953953,,Mr.,Ivan258,Fletcher87,Hermiston71,,,,asian,nonhispanic,M,Beijing  Beijing Municipality  CN,948 Balistreri Fork Unit 76,Cambridge,Massachusetts,Middlesex County,25017,02138,42.41245900700163,-71.12292287427817,47735.30,6490.73,53652
37f56bb6-b47a-7454-19ba-f6002569bbfb,1942-06-21,,999-75-7960,S99961607,X74124580X,Mr.,Garfield38,Modesto621,Metz686,,,M,asian,nonhispanic,M,Amherst  Massachusetts  US,954 Leffler Divide,Somerville,Massachusetts,Middlesex County,25017,02140,42.376329446073676,-71.09628249031952,272524.64,818723.84,106974
e0315b24-29ba-ebed-994d-76f4870cc053,1970-01-01,,999-42-7037,S99971003,X28785251X,Mrs.,Hayley136,Telma919,Fadel536,,Luettgen772,M,white,nonhispanic,F,Springfield  Massachusetts  US,581 Hills Viaduct,Whitman,Massachusetts,Plymouth County,,00000,42.12601828893976,-70.98780590474111,24330.04,1645921.63,12590
3ff139f9-9f37-c665-c4a9-2b39876af09a,1990-03-13,,999-95-9250,S99962302,X87132285X,Mr.,Omer483,,Keebler762,,,S,white,nonhispanic,M,Lynn  Massachusetts  US,896 Abbott Drive Suite 19,Brookline,Massachusetts,Norfolk County,25025,02215,42.32984980511564,-71.16270343287124,6427.71,86105.81,2417
580185f5-2747-7ca4-386d-d41c5dac9576,2000-07-01,,999-11-6171,S99980075,X21204111X,Mr.,Tyree261,Felipe97,Watsica258,,,,white,nonhispanic,M,Salem  Massachusetts  US,956 Johnson Loaf,Woburn,Massachusetts,Middlesex County,25017,01801,42.50155909891907,-71.17601981721319,97677.24,30035.37,131352
96be6561-e3a3-1a59-bda5-fef15b2ace7c,1976-12-25,,999-46-4938,S99916463,X50597655X,Mr.,Dana512,Randall756,Graham902,,,M,white,nonhispanic,M,Revere  Massachusetts  US,779 Farrell Trace,Turners Falls,Massachusetts,Franklin County,25011,01376,42.548114588682765,-72.52888054234218,84254.45,7890.78,144584
42629756-d513-1dca-4541-1e9b8d4466e1,1988-10-11,,999-35-9522,S99914174,X31605274X,Mr.,Ned189,Robert854,Balistreri607,,,D,white,nonhispanic,M,Chicopee  Massachusetts  US,412 Schaefer Path Suite 12,New Marlborough,Massachusetts,Berkshire County,,00000,42.140162221283866,-73.28367498633463,63239.77,153758.34,49433
74d3978e-474d-8e0b-53fd-8197c1a83cea,1982-02-17,,999-56-6090,S99960995,X55482186X,Ms.,Aiko748,Tamisha203,Carroll471,,,S,white,nonhispanic,F,Harwich Port  Massachusetts  US,1034 Kertzmann Bypass Unit 3,Salem,Massachusetts,Essex County,25009,01907,42.4522395612361,-70.94131312069973,405646.37,1212896.22,109916
cb26b7ad-f528-7697-a213-ef06f49e06fd,1952-12-26,,999-59-9336,S99927274,X8964357X,Mr.,Randal152,Amado512,Parker433,,,M,white,nonhispanic,M,Holliston  Massachusetts  US,238 Mayert Rapid Unit 64,Boston,Massachusetts,Suffolk County,25025,02127,42.331954540162144,-71.06840482758265,13856.82,436527.35,11242
f8c64c24-8953-6e86-f06c-5157f88a5032,2009-02-26,,999-49-9380,S99958946,,,Renae431,Shanae34,Swift555,,,,white,nonhispanic,F,Lawrence  Massachusetts  US,477 McDermott Neck Apt 10,Sunderland,Massachusetts,Franklin County,,00000,42.47525531240331,-72.58878250836305,41265.90,8597.24,34404
6174a9ca-65ab-e297-aea4-db1010b3dd35,1969-01-23,,999-19-4144,S99951095,X4241620X,Mrs.,Mandy775,Candra395,Harber290,,MacGyver246,M,white,nonhispanic,F,Wakefield  Massachusetts  US,332 Sipes Manor,Greenfield,Massachusetts,Franklin County,25011,01301,42.637719300602704,-72.55566639790696,206448.27,697882.24,29742
7c06af4b-34ae-5c0d-0eb7-8e404b1e5d16,2007-11-01,,999-21-4491,S99940359,,Mr.,Eusebio566,,Reinger292,,,,asian,nonhispanic,M,Busan  Busan  KR,229 Cronin Brook,Teaticket,Massachusetts,Barnstable County,25001,02536,41.57784681267098,-70.52557538185452,93629.35,192169.94,45598
a52efd13-c295-8cee-15a3-b4cab9dd9852,1964-11-05,,999-94-6090,S99976098,X82299941X,Mrs.,Maisie206,Lizzette325,Kohler843,,Gaylord332,M,white,nonhispanic,F,Northampton  Massachusetts  US,676 Bernier Rapid Unit 53,Abington,Massachusetts,Plymouth County,25023,02351,42.085313016961756,-70.93977298064276,960453.23,159978.05,97614
a5865f27-c51f-18ae-c618-a52787fb853d,1955-10-20,,999-29-2028,S99953668,X2979453X,Mr.,Wilmer32,Robt687,Littel644,,,D,white,hispanic,M,Taunton  Massachusetts  US,245 Kulas Throughway Suite 61,Beverly,Massachusetts,Essex County,25009,01915,42.59954608816033,-70.79912232175771,182151.73,145106.68,122230
f714e937-0bd6-57d8-62f3-d3f937cc8219,1982-01-04,,999-72-3587,S99913689,X68429336X,Mrs.,Ariadna374,,Granado100,,Lomeli256,M,black,hispanic,F,San Salvador  El Salvador  SV,653 Schaden Club Apt 45,Worcester,Massachusetts,Worcester County,25027,01545,42.22577420584504,-71.87132812698724,206034.29,393309.62,190288
91bbfb2f-5a52-a76b-4b4d-f4b8514d1072,2001-07-22,,999-36-7153,S99959309,X2490492X,Ms.,Pok428,,Durgan499,,,,white,hispanic,F,Taunton  Massachusetts  US,362 Swaniawski Quay Suite 47,Newton,Massachusetts,Middlesex County,25017,02465,42.39872383275832,-71.23521415559317,5292.46,208265.05,3950
c8e39525-f5f5-28b4-2744-5576d31d795b,1944-11-14,2020-12-07,999-19-2629,S99981342,X75868935X,Mr.,Gaston250,Clyde817,Borer986,,,W,white,nonhispanic,M,Marseille  Provence-Alpes-Cote d'Azur  FR,526 Crooks Flat,Fitchburg,Massachusetts,Worcester County,25027,01420,42.62432440671976,-71.82187383006237,183298.52,545492.45,27806
15e25089-a506-a1ae-0586-76638527f6b0,1966-02-13,,999-88-8053,S99966091,X72602881X,Mrs.,Whitley172,Karlene380,Wisoky380,,Fritsch593,M,white,nonhispanic,F,Westford  Massachusetts  US,260 Borer Meadow Unit 16,Hudson,Massachusetts,Middlesex County,25017,01749,42.370050904066936,-71.55172835044526,927658.85,269572.21,77688
9bc2066e-7475-272f-51c1-9ae7b428d4c6,1966-03-12,,999-74-9855,S99997185,X76259148X,Mr.,Gerardo48,Lane844,Jaskolski867,,,M,white,nonhispanic,M,Methuen  Massachusetts  US,475 Lind Byway Suite 41,Lowell,Massachusetts,Middlesex County,25017,01854,42.6494637515131,-71.3057589245241,18932.51,173003.04,26045
d560a171-183e-b9c3-9291-15dc6caf83f4,1975-08-02,,999-71-6095,S99969093,X45843980X,Mrs.,Tamera164,Samella245,Little434,,Schinner682,D,white,nonhispanic,F,Sagamore  Massachusetts  US,195 Grimes Loaf Apt 7,Northbridge,Massachusetts,Worcester County,,00000,42.16630722565918,-71.6542583937934,297744.34,0.00,78588
fa92f537-8074-f54b-3311-a99006ebb4dd,1961-02-07,,999-58-8389,S99927558,X35269186X,Mrs.,Ginette140,Tonie631,Mitchell808,,Balistreri607,M,asian,nonhispanic,F,Chelmsford  Massachusetts  US,601 Russel Gate,Ware,Massachusetts,Hampshire County,25015,01082,42.278960355934245,-72.23999525617525,321076.91,862609.34,25208
698cab3f-3bc9-79c2-4b20-72b936112e1c,1972-03-21,,999-73-7533,S99989388,X70498406X,Mr.,Raymond398,Morgan564,Bahringer146,,,M,white,nonhispanic,M,South Yarmouth  Massachusetts  US,899 Sauer Viaduct Suite 7,New Bedford,Massachusetts,Bristol County,25005,02744,41.64327827569639,-70.98511437329479,226334.69,75237.67,68890
1d8fb60e-1bb8-3854-de9a-e5f7f44e5827,1944-11-14,1978-04-12,999-41-6331,S99940741,X4806919X,Mr.,Cornell131,Karl184,Cormier289,,,S,white,nonhispanic,M,Lyon  Auvergne-Rhone-Alpes  FR,313 Runolfsdottir Crossroad Apt 4,Fitchburg,Massachusetts,Worcester County,25027,01420,42.62465061127227,-71.77978733680516,109667.07,99171.42,27806
a38eb7c2-a781-e97a-c1bb-d95bf0d2b90d,1968-03-13,,999-60-1007,S99933741,X17257148X,Mr.,Ramiro608,,Green467,,,M,asian,nonhispanic,M,Bridgewater  Massachusetts  US,336 Lynch Neck,South Hadley,Massachusetts,Hampshire County,,00000,42.26084491633064,-72.59190130917608,52685.17,526963.70,189186
6acd62f1-0597-858b-7f7c-3b7e0f01f7fb,1952-09-21,,999-61-3609,S99951324,X28525885X,Mrs.,Elodia940,Nichelle912,Schuster709,,Harber290,M,asian,nonhispanic,F,Macau  Macao Special Administrative Region of the People's Republic of China  CN,1048 Grimes Harbor Suite 38,Melrose,Massachusetts,Middlesex County,25017,02176,42.428658607632755,-71.03308886792004,224848.95,1095636.01,87671
524837cf-b12d-4f0e-e516-8d69b01afd3c,1946-12-16,2003-11-13,999-27-6272,S99919598,X6686276X,Mr.,Burton124,Colby655,Tillman293,,,M,white,nonhispanic,M,Boston  Massachusetts  US,834 Wehner Trace,Boston,Massachusetts,Suffolk County,25025,02114,42.26366762763442,-71.09976589152097,174266.27,462426.11,132723
9a560196-6598-a308-6016-c3d0c18e299e,1944-11-14,,999-80-6152,S99910126,X26850927X,Mr.,Cornell131,Bret7,Mertz280,,,M,white,nonhispanic,M,Toulouse  Occitanie  FR,499 Dickinson Key Unit 29,Fitchburg,Massachusetts,Worcester County,25027,01420,42.618221160713446,-71.79221815792127,178656.74,379714.62,27806
5b923042-e8be-38e0-5047-e6ef544fcb69,1946-12-16,,999-29-4475,S99946030,X23600854X,Mr.,Frank378,Abe604,Grady603,,,M,white,nonhispanic,M,Billerica  Massachusetts  US,1039 Toy Road,Boston,Massachusetts,Suffolk County,25025,02129,42.37269496190642,-71.03267682117414,24521.51,352510.27,132723
